#datatype,dateTime:RFC3339,double,double,double
#group,false,false,false,false
#default,,,,
timestamp,latitude,longitude,ultrasonic
2024-11-22T08:30:00,51.53444886812197,-0.17492848882744524,598
2024-11-22T08:30:01,51.5343914261879,-0.1748741009610442,
2024-11-22T08:30:02,51.53426500288172,-0.17485861567615557,
2024-11-22T08:30:03,51.534327543352404,-0.17496961606426698,
2024-11-22T08:30:04,51.534226442423225,-0.1749683102491501,
2024-11-22T08:30:05,51.534250472199815,-0.17493011057498534,725
2024-11-22T08:30:06,51.53416051668808,-0.17483109021730414,
2024-11-22T08:30:07,51.534287808897204,-0.17474391974147013,
2024-11-22T08:30:08,51.53428703275919,-0.174855142793197,
2024-11-22T08:30:09,51.53414629070041,-0.17478243422135725,
2024-11-22T08:30:10,51.53419196939004,-0.17482503925098503,735
2024-11-22T08:30:11,51.534198956592526,-0.17482805723604605,
2024-11-22T08:30:12,51.53405772227069,-0.17480316952209637,
2024-11-22T08:30:13,51.53411661631163,-0.17479433600429384,
2024-11-22T08:30:14,51.5340588073891,-0.17468586103759565,
2024-11-22T08:30:15,51.53407654890284,-0.17464510753737866,204
2024-11-22T08:30:16,51.53404233670342,-0.17472346234543568,
2024-11-22T08:30:17,51.53402932080758,-0.17454001588186516,
2024-11-22T08:30:18,51.53403899327776,-0.17459675321503781,
2024-11-22T08:30:19,51.5339159124688,-0.17452540855303814,
2024-11-22T08:30:20,51.53390944984796,-0.17449998697948224,726
2024-11-22T08:30:21,51.53391266835315,-0.1745071448568331,
2024-11-22T08:30:22,51.53383882833038,-0.17440609886353756,
2024-11-22T08:30:23,51.533885822754094,-0.17455610750502398,
2024-11-22T08:30:24,51.53379634491036,-0.1744710004153438,
2024-11-22T08:30:25,51.53375513232316,-0.17439163846301747,660
2024-11-22T08:30:26,51.53386410618804,-0.17450941506100479,
2024-11-22T08:30:27,51.53374683843977,-0.17431731914455023,
2024-11-22T08:30:28,51.53373235049788,-0.17435866613535517,
2024-11-22T08:30:29,51.533641932640556,-0.17431410845880382,
2024-11-22T08:30:30,51.533596109240094,-0.17440964688739216,625
2024-11-22T08:30:31,51.5336227287056,-0.1743050277400242,
2024-11-22T08:30:32,51.53366353749572,-0.17424607640947762,
2024-11-22T08:30:33,51.533537962003976,-0.17429310250906765,
2024-11-22T08:30:34,51.533648312652915,-0.17419446448855608,
2024-11-22T08:30:35,51.53361142897656,-0.17413594815259473,471
2024-11-22T08:30:36,51.533560930385335,-0.17423839504471914,
2024-11-22T08:30:37,51.53360097474192,-0.1741222035325884,
2024-11-22T08:30:38,51.533439004343194,-0.17410349247192713,
2024-11-22T08:30:39,51.53341946278477,-0.1741326752819727,
2024-11-22T08:30:40,51.53338348282573,-0.1740579397333287,508
2024-11-22T08:30:41,51.533458570526946,-0.1741746129943271,
2024-11-22T08:30:42,51.53334873398001,-0.17401670346650944,
2024-11-22T08:30:43,51.533312813982754,-0.17410252387448544,
2024-11-22T08:30:44,51.53331741898186,-0.17403797065448018,
2024-11-22T08:30:45,51.533384723355084,-0.1739357801401219,606
2024-11-22T08:30:46,51.5333766708281,-0.17392727498899818,
2024-11-22T08:30:47,51.53337328336771,-0.1739823769929219,
2024-11-22T08:30:48,51.53321194697822,-0.17398048306643177,
2024-11-22T08:30:49,51.53323029114926,-0.1738866978025505,
2024-11-22T08:30:50,51.533203085425455,-0.1738042847799417,451
2024-11-22T08:30:51,51.5331592071747,-0.1739074416491817,
2024-11-22T08:30:52,51.5332674261343,-0.1737905575209967,
2024-11-22T08:30:53,51.53306932728475,-0.17382694378369798,
2024-11-22T08:30:54,51.53309118678551,-0.17380617375698987,
2024-11-22T08:30:55,51.533135847243365,-0.17386715072816414,754
2024-11-22T08:30:56,51.53316867645963,-0.17383371921273735,
2024-11-22T08:30:57,51.53315682830957,-0.17366463479207817,
2024-11-22T08:30:58,51.53314822186785,-0.17375774839340702,
2024-11-22T08:30:59,51.53298536282658,-0.1737586327188872,
2024-11-22T08:31:00,51.53308705264583,-0.17362835083396275,671
2024-11-22T08:31:01,51.53297626654441,-0.17362149459683585,
2024-11-22T08:31:02,51.5330580248179,-0.17363384456241324,
2024-11-22T08:31:03,51.53301897265034,-0.17356953104645498,
2024-11-22T08:31:04,51.532986348868725,-0.17367104302865966,
2024-11-22T08:31:05,51.53285745151254,-0.1735482980790099,451
2024-11-22T08:31:06,51.532967550884685,-0.17364786950942634,
2024-11-22T08:31:07,51.53277322436834,-0.17346739789926466,
2024-11-22T08:31:08,51.53277168137678,-0.17358717889878578,
2024-11-22T08:31:09,51.53281835457397,-0.17348039216717376,
2024-11-22T08:31:10,51.532785004129856,-0.1734741810739683,551
2024-11-22T08:31:11,51.53275026756267,-0.17343885504428092,
2024-11-22T08:31:12,51.53272859031252,-0.17345156661624186,
2024-11-22T08:31:13,51.53261669536995,-0.17342341011274007,
2024-11-22T08:31:14,51.532632186694606,-0.17344939751510127,
2024-11-22T08:31:15,51.5326749336232,-0.17342335719498475,570
2024-11-22T08:31:16,51.532602603491995,-0.17325816919465517,
2024-11-22T08:31:17,51.53259052575955,-0.17322799544496487,
2024-11-22T08:31:18,51.5325331735136,-0.17326018442098726,
2024-11-22T08:31:19,51.53253177485717,-0.17322799715794812,
2024-11-22T08:31:20,51.53249228253611,-0.17330094490120843,585
2024-11-22T08:31:21,51.532499302103965,-0.1731598412731733,
2024-11-22T08:31:22,51.532589396356315,-0.1732646336218074,
2024-11-22T08:31:23,51.53257486100786,-0.17326383907836873,
2024-11-22T08:31:24,51.53252111825197,-0.17310096309658674,
2024-11-22T08:31:25,51.532423694150836,-0.17308512925333547,54
2024-11-22T08:31:26,51.53234301681584,-0.17314901012571585,
2024-11-22T08:31:27,51.53246316854428,-0.17312614948952001,
2024-11-22T08:31:28,51.53236897153026,-0.17299369691179609,
2024-11-22T08:31:29,51.53227655749526,-0.17310372185513284,
2024-11-22T08:31:30,51.53238978013103,-0.17307832019569497,526
2024-11-22T08:31:31,51.53226933324281,-0.17295445064225382,
2024-11-22T08:31:32,51.53229313893117,-0.17294820671340788,
2024-11-22T08:31:33,51.532314847038045,-0.17303460167128296,
2024-11-22T08:31:34,51.532217992573344,-0.17298174583526424,
2024-11-22T08:31:35,51.53230526471882,-0.17293680659856941,471
2024-11-22T08:31:36,51.53210734156953,-0.17295705210211723,
2024-11-22T08:31:37,51.53213660255835,-0.1729195875585159,
2024-11-22T08:31:38,51.532168956264826,-0.17286930732775055,
2024-11-22T08:31:39,51.532072712427485,-0.17280927978500804,
2024-11-22T08:31:40,51.532183161443484,-0.17275042349214312,262
2024-11-22T08:31:41,51.53211037995731,-0.17285260689279633,
2024-11-22T08:31:42,51.53204132813918,-0.17272730485229493,
2024-11-22T08:31:43,51.5320641107533,-0.1726736837062408,
2024-11-22T08:31:44,51.532086375192854,-0.17275620561486438,
2024-11-22T08:31:45,51.531980310702316,-0.1726321964738574,762
2024-11-22T08:31:46,51.53190718618395,-0.1727702586652611,
2024-11-22T08:31:47,51.53198633745937,-0.17258045007702857,
2024-11-22T08:31:48,51.53183194831667,-0.1725453437656732,
2024-11-22T08:31:49,51.53197217310555,-0.1726532113212604,
2024-11-22T08:31:50,51.53190216509715,-0.1726203706847073,459
2024-11-22T08:31:51,51.53186836500374,-0.17261926926069754,
2024-11-22T08:31:52,51.531861729247815,-0.17247926831518526,
2024-11-22T08:31:53,51.53180016231007,-0.17259264173268124,
2024-11-22T08:31:54,51.53169306437315,-0.17242882661333112,
2024-11-22T08:31:55,51.531851469957374,-0.1724042739265732,103
2024-11-22T08:31:56,51.53179547769041,-0.1724397954457688,
2024-11-22T08:31:57,51.53161960385655,-0.17239095722225717,
2024-11-22T08:31:58,51.531610958621435,-0.17241155898876703,
2024-11-22T08:31:59,51.53160901052424,-0.17234177850711124,
2024-11-22T08:32:00,51.53158075064688,-0.17237405390783747,413
2024-11-22T08:32:01,51.5315269363965,-0.1724033358648188,
2024-11-22T08:32:02,51.53168655846822,-0.17237454324211618,
2024-11-22T08:32:03,51.53162143570337,-0.1723102909442493,
2024-11-22T08:32:04,51.5315289123411,-0.17236504652190063,
2024-11-22T08:32:05,51.53162175526989,-0.17230412093480207,113
2024-11-22T08:32:06,51.53155322962782,-0.1722731441843954,
2024-11-22T08:32:07,51.531574840999696,-0.17217275726693923,
2024-11-22T08:32:08,51.531510191922266,-0.1721927638798253,
2024-11-22T08:32:09,51.53135605519576,-0.1721962881931975,
2024-11-22T08:32:10,51.531386720731895,-0.17219099175618094,469
2024-11-22T08:32:11,51.531292472024084,-0.17218649066562627,
2024-11-22T08:32:12,51.53137745147098,-0.1721236912044275,
2024-11-22T08:32:13,51.531429667847156,-0.17218155814461372,
2024-11-22T08:32:14,51.53125248963158,-0.1721079941464371,
2024-11-22T08:32:15,51.53130562285716,-0.17209203275189763,343
2024-11-22T08:32:16,51.53135376528288,-0.17197241779934816,
2024-11-22T08:32:17,51.53117331634435,-0.1719166684369054,
2024-11-22T08:32:18,51.53132561697894,-0.17201152277867307,
2024-11-22T08:32:19,51.53116701052417,-0.17199884037321525,
2024-11-22T08:32:20,51.53122957185694,-0.17197567041356368,592
2024-11-22T08:32:21,51.53116073562837,-0.1719574745011542,
2024-11-22T08:32:22,51.531197213027106,-0.17180764431566464,
2024-11-22T08:32:23,51.53115787665901,-0.1717824063998357,
2024-11-22T08:32:24,51.53101318253769,-0.17193292376382938,
2024-11-22T08:32:25,51.53105754352715,-0.171831762820456,202
2024-11-22T08:32:26,51.53099009724056,-0.17178255991802663,
2024-11-22T08:32:27,51.531078875726756,-0.17188549997216174,
2024-11-22T08:32:28,51.530977979429075,-0.17170895364317304,
2024-11-22T08:32:29,51.530976274317105,-0.17165490592226687,
2024-11-22T08:32:30,51.53101973069096,-0.17167750240042096,381
2024-11-22T08:32:31,51.530845532529135,-0.1717565266353461,
2024-11-22T08:32:32,51.53100521666795,-0.17175838343500915,
2024-11-22T08:32:33,51.53089208513266,-0.17160933381080407,
2024-11-22T08:32:34,51.53082060738454,-0.17157671113113282,
2024-11-22T08:32:35,51.53089857824317,-0.17152737602276627,355
2024-11-22T08:32:36,51.53074767486894,-0.1716711027365311,
2024-11-22T08:32:37,51.53078280952748,-0.17161315479338246,
2024-11-22T08:32:38,51.5308250040134,-0.17146760303280614,
2024-11-22T08:32:39,51.53065281417051,-0.17160507390386423,
2024-11-22T08:32:40,51.530712355773616,-0.17155511178283733,466
2024-11-22T08:32:41,51.53071990354932,-0.17152294509551058,
2024-11-22T08:32:42,51.530658080999196,-0.17151128524411383,
2024-11-22T08:32:43,51.530655651842004,-0.17146944717248816,
2024-11-22T08:32:44,51.53072948893223,-0.17132892930813165,
2024-11-22T08:32:45,51.53062024488331,-0.17134886242521835,368
2024-11-22T08:32:46,51.53053055980849,-0.17143383529362502,
2024-11-22T08:32:47,51.53065724676626,-0.17137870206668931,
2024-11-22T08:32:48,51.5305982415208,-0.1713159695575532,
2024-11-22T08:32:49,51.530474750381536,-0.17122721622009893,
2024-11-22T08:32:50,51.53048065191544,-0.17127433875036518,281
2024-11-22T08:32:51,51.53052583953596,-0.17118114640043955,
2024-11-22T08:32:52,51.53046597946098,-0.1711797284006593,
2024-11-22T08:32:53,51.53040558677671,-0.17123513862452827,
2024-11-22T08:32:54,51.53032887738078,-0.17122572740470327,
2024-11-22T08:32:55,51.53036121893544,-0.17122486492163605,538
2024-11-22T08:32:56,51.53042023509889,-0.1711227803108173,
2024-11-22T08:32:57,51.53036523047275,-0.17116961460648178,
2024-11-22T08:32:58,51.530261296640546,-0.1711290184503774,
2024-11-22T08:32:59,51.530278591023894,-0.17107850872860494,
2024-11-22T08:33:00,51.53020442497978,-0.17103245385663418,241
2024-11-22T08:33:01,51.53022374844962,-0.17108469883305377,
2024-11-22T08:33:02,51.53025742631035,-0.17105025360846282,
2024-11-22T08:33:03,51.530215834350464,-0.17102105978332888,
2024-11-22T08:33:04,51.530093378952195,-0.17100632565756385,
2024-11-22T08:33:05,51.53012068974351,-0.17102781153006338,598
2024-11-22T08:33:06,51.53006331149026,-0.1708834707357442,
2024-11-22T08:33:07,51.53010163499797,-0.17085728578981657,
2024-11-22T08:33:08,51.530053242370116,-0.17090809037328686,
2024-11-22T08:33:09,51.529972824510295,-0.17091325946367447,
2024-11-22T08:33:10,51.52995120773096,-0.17091217450664156,66
2024-11-22T08:33:11,51.530032819431945,-0.17083697164669526,
2024-11-22T08:33:12,51.53000111347814,-0.1707121399193952,
2024-11-22T08:33:13,51.52992565771557,-0.17076263544182563,
2024-11-22T08:33:14,51.529869505837404,-0.17080817006851717,
2024-11-22T08:33:15,51.52993980256621,-0.17078330896657898,171
2024-11-22T08:33:16,51.529909390224695,-0.17081477925059085,
2024-11-22T08:33:17,51.52996091908978,-0.1707007930171746,
2024-11-22T08:33:18,51.529846638245715,-0.17064793823144045,
2024-11-22T08:33:19,51.52982798904354,-0.1706874623756357,
2024-11-22T08:33:20,51.52980185863884,-0.17067085040299698,89
2024-11-22T08:33:21,51.52978042073958,-0.17054034006923535,
2024-11-22T08:33:22,51.52981676932703,-0.17059183720848367,
2024-11-22T08:33:23,51.5298082930508,-0.1706051046600677,
2024-11-22T08:33:24,51.52973339938541,-0.17045071249900787,
2024-11-22T08:33:25,51.52977081360567,-0.17050680152863917,474
2024-11-22T08:33:26,51.52973112575097,-0.17055273730297663,
2024-11-22T08:33:27,51.529611886292884,-0.1705662600511936,
2024-11-22T08:33:28,51.529650274001604,-0.17040957148699912,
2024-11-22T08:33:29,51.52961636962628,-0.17036254717483695,
2024-11-22T08:33:30,51.52966589610926,-0.170405554105712,214
2024-11-22T08:33:31,51.52951077888649,-0.17038560872322828,
2024-11-22T08:33:32,51.529522397923984,-0.17039763510129835,
2024-11-22T08:33:33,51.52945660839371,-0.17042312818687355,
2024-11-22T08:33:34,51.52945734052146,-0.1703567594693381,
2024-11-22T08:33:35,51.52954794982107,-0.1702421296714729,613
2024-11-22T08:33:36,51.529460428112976,-0.17037943526881788,
2024-11-22T08:33:37,51.52952673301919,-0.17029748731761601,
2024-11-22T08:33:38,51.52931913027688,-0.17019780090237224,
2024-11-22T08:33:39,51.52931144189389,-0.17020287919564875,
2024-11-22T08:33:40,51.529444719368385,-0.17029032228669494,131
2024-11-22T08:33:41,51.52924196117008,-0.17015003810885093,
2024-11-22T08:33:42,51.52940665020806,-0.17014411891196365,
2024-11-22T08:33:43,51.529197131980794,-0.1700503940349577,
2024-11-22T08:33:44,51.52923076701752,-0.1700458067035767,
2024-11-22T08:33:45,51.52932788118931,-0.1700802022722847,765
2024-11-22T08:33:46,51.52918676745773,-0.16997322681823088,
2024-11-22T08:33:47,51.52910099650907,-0.17004866461338583,
2024-11-22T08:33:48,51.52908672335243,-0.1700313484767655,
2024-11-22T08:33:49,51.5291597324523,-0.1699710136867979,
2024-11-22T08:33:50,51.52903514886809,-0.16997148116587882,585
2024-11-22T08:33:51,51.52912084772551,-0.1699755569565582,
2024-11-22T08:33:52,51.52916047726392,-0.169931432353688,
2024-11-22T08:33:53,51.5290793651776,-0.16987027246538464,
2024-11-22T08:33:54,51.52898977044219,-0.16984789110976675,
2024-11-22T08:33:55,51.52893004188864,-0.16988991909987067,769
2024-11-22T08:33:56,51.52908318262073,-0.16991262262983556,
2024-11-22T08:33:57,51.52905205426144,-0.16989024338311112,
2024-11-22T08:33:58,51.528877191996834,-0.16987400685982695,
2024-11-22T08:33:59,51.52897807890951,-0.16980109522714557,
2024-11-22T08:34:00,51.528860502111485,-0.16967592139701182,360
2024-11-22T08:34:01,51.52886254677691,-0.16980109809508812,
2024-11-22T08:34:02,51.52894373315033,-0.16962604905051218,
2024-11-22T08:34:03,51.5287873718265,-0.16976096844719749,
2024-11-22T08:34:04,51.52890985791845,-0.16975692829094613,
2024-11-22T08:34:05,51.5287204157929,-0.1696822014586228,680
2024-11-22T08:34:06,51.52883968781842,-0.16954796546490486,
2024-11-22T08:34:07,51.528704478428935,-0.1696701549177446,
2024-11-22T08:34:08,51.52878399626162,-0.16960847936704235,
2024-11-22T08:34:09,51.52863853740372,-0.16966832421755665,
2024-11-22T08:34:10,51.52867905349007,-0.1696078657106151,368
2024-11-22T08:34:11,51.52868718115257,-0.16959911654921683,
2024-11-22T08:34:12,51.52862516432167,-0.16948416921162185,
2024-11-22T08:34:13,51.52866443498744,-0.1695032961173981,
2024-11-22T08:34:14,51.52866161510627,-0.1694950195564771,
2024-11-22T08:34:15,51.52865141040497,-0.16948745314913488,780
2024-11-22T08:34:16,51.52863767087127,-0.16948777430103038,
2024-11-22T08:34:17,51.528499157127754,-0.16947072855925346,
2024-11-22T08:34:18,51.528414136349426,-0.16935947296484852,
2024-11-22T08:34:19,51.528477771494394,-0.16936317852538804,
2024-11-22T08:34:20,51.52849532894185,-0.16942242647139183,725
2024-11-22T08:34:21,51.52840277316249,-0.16929643283848148,
2024-11-22T08:34:22,51.52840281005569,-0.16921231011545437,
2024-11-22T08:34:23,51.52840284098504,-0.16923221961901766,
2024-11-22T08:34:24,51.52839378645207,-0.1691668108882169,
2024-11-22T08:34:25,51.528244866963504,-0.16917981635264726,117
2024-11-22T08:34:26,51.52825264236627,-0.16913122265819358,
2024-11-22T08:34:27,51.52819463946745,-0.1692786732602049,
2024-11-22T08:34:28,51.52831655706835,-0.16914890807990096,
2024-11-22T08:34:29,51.528214690002,-0.16906185286856787,
2024-11-22T08:34:30,51.5282618916519,-0.16913791286712382,102
2024-11-22T08:34:31,51.528174950900095,-0.1690708957138815,
2024-11-22T08:34:32,51.5281654970501,-0.16906658583065065,
2024-11-22T08:34:33,51.5281956170288,-0.16913353904841272,
2024-11-22T08:34:34,51.528139206191,-0.16905949631210274,
2024-11-22T08:34:35,51.528043899785274,-0.1690106077048835,727
2024-11-22T08:34:36,51.52806189878591,-0.16891444627738011,
2024-11-22T08:34:37,51.52800824198581,-0.1689462737376141,
2024-11-22T08:34:38,51.52807779485785,-0.16902728766254996,
2024-11-22T08:34:39,51.52793273924173,-0.16886695692831885,
2024-11-22T08:34:40,51.527953327398635,-0.16896259436061425,484
2024-11-22T08:34:41,51.52795353604809,-0.16897319472349107,
2024-11-22T08:34:42,51.52794785529277,-0.16883337678988714,
2024-11-22T08:34:43,51.52802191505649,-0.16875533970063475,
2024-11-22T08:34:44,51.527926514973586,-0.1688788048442849,
2024-11-22T08:34:45,51.52795173913289,-0.16879139467687662,615
2024-11-22T08:34:46,51.527875335610595,-0.16883099658393352,
2024-11-22T08:34:47,51.52784815158367,-0.1686590913480948,
2024-11-22T08:34:48,51.527761103007215,-0.16866958347866004,
2024-11-22T08:34:49,51.52779333386435,-0.16876039777154397,
2024-11-22T08:34:50,51.52782010281329,-0.1686960777999729,595
2024-11-22T08:34:51,51.52770325710209,-0.1686688366809136,
2024-11-22T08:34:52,51.52779229033898,-0.1686596494340325,
2024-11-22T08:34:53,51.527662012496215,-0.16857427658996782,
2024-11-22T08:34:54,51.52775164066106,-0.16854497328576443,
2024-11-22T08:34:55,51.52770277833456,-0.16852064623572263,195
2024-11-22T08:34:56,51.52755504912701,-0.16850599221261342,
2024-11-22T08:34:57,51.527631263995126,-0.16852272845209226,
2024-11-22T08:34:58,51.52755705016383,-0.16852072629495524,
2024-11-22T08:34:59,51.527576584361505,-0.1685147349752741,
2024-11-22T08:35:00,51.52752935212036,-0.1684858172746119,362
2024-11-22T08:35:01,51.52754028814687,-0.1684994089189139,
2024-11-22T08:35:02,51.5275234541774,-0.16835428148655726,
2024-11-22T08:35:03,51.52741548776391,-0.1684451325450649,
2024-11-22T08:35:04,51.52740137622832,-0.16845815197901504,
2024-11-22T08:35:05,51.52742063394518,-0.16827006618283427,486
2024-11-22T08:35:06,51.527420813425074,-0.1683678706300204,
2024-11-22T08:35:07,51.5273280465511,-0.16837478116839721,
2024-11-22T08:35:08,51.527256718245276,-0.16820339940853601,
2024-11-22T08:35:09,51.52737278417181,-0.1681676264831653,
2024-11-22T08:35:10,51.527365198216316,-0.16818228326089557,751
2024-11-22T08:35:11,51.527209683971606,-0.16825810023230103,
2024-11-22T08:35:12,51.52729147740112,-0.16819245100652677,
2024-11-22T08:35:13,51.527280315473966,-0.16810117788059173,
2024-11-22T08:35:14,51.52721779175972,-0.1680875689193103,
2024-11-22T08:35:15,51.527241855464524,-0.1681650685939553,556
2024-11-22T08:35:16,51.527142539427864,-0.1680953453717277,
2024-11-22T08:35:17,51.527195630971214,-0.16804222536809937,
2024-11-22T08:35:18,51.52716099179943,-0.16797597381609425,
2024-11-22T08:35:19,51.52716812940968,-0.16798533094251372,
2024-11-22T08:35:20,51.52700204613841,-0.16804314314312177,246
2024-11-22T08:35:21,51.52696642107234,-0.1680318015608958,
2024-11-22T08:35:22,51.527024659947784,-0.1680440405637794,
2024-11-22T08:35:23,51.526986110899244,-0.16802007444088837,
2024-11-22T08:35:24,51.527058960335346,-0.1679061068730108,
2024-11-22T08:35:25,51.52700563261407,-0.16793806823511573,680
2024-11-22T08:35:26,51.52684310426776,-0.16798442050980458,
2024-11-22T08:35:27,51.526838648388264,-0.16790699065203887,
2024-11-22T08:35:28,51.52692726464327,-0.1678651896901951,
2024-11-22T08:35:29,51.52688934368263,-0.1679032099930587,
2024-11-22T08:35:30,51.5267832229229,-0.16782607483471773,763
2024-11-22T08:35:31,51.52687328908625,-0.16777894744958394,
2024-11-22T08:35:32,51.52671178454054,-0.16777521250377217,
2024-11-22T08:35:33,51.52669569441251,-0.16769382143300546,
2024-11-22T08:35:34,51.52669143499421,-0.1677715426470662,
2024-11-22T08:35:35,51.52683114526112,-0.16769806869619222,140
2024-11-22T08:35:36,51.526690436574825,-0.1675962041797853,
2024-11-22T08:35:37,51.52677758745032,-0.16769197338641464,
2024-11-22T08:35:38,51.52669598511555,-0.16766505092194015,
2024-11-22T08:35:39,51.52667576405722,-0.1676418742166119,
2024-11-22T08:35:40,51.526560155634215,-0.16768548822349347,87
2024-11-22T08:35:41,51.52652075694717,-0.1676474882089528,
2024-11-22T08:35:42,51.52656119854512,-0.1675668307034739,
2024-11-22T08:35:43,51.52658733983723,-0.16762207452918007,
2024-11-22T08:35:44,51.52647492774066,-0.16756631651843637,
2024-11-22T08:35:45,51.526523071227075,-0.16756829391357791,702
2024-11-22T08:35:46,51.52651582098287,-0.16754408741373183,
2024-11-22T08:35:47,51.526450122713186,-0.1674949433842632,
2024-11-22T08:35:48,51.5264793790415,-0.16744514175910913,
2024-11-22T08:35:49,51.52632201089678,-0.16738636743479846,
2024-11-22T08:35:50,51.5264076481971,-0.1673769476081742,84
2024-11-22T08:35:51,51.52639729171988,-0.1673382017411065,
2024-11-22T08:35:52,51.526389466257704,-0.16723976720417044,
2024-11-22T08:35:53,51.52641491766912,-0.16737782724200295,
2024-11-22T08:35:54,51.52629549022413,-0.16736196769677403,
2024-11-22T08:35:55,51.52628471376276,-0.1672248688762613,586
2024-11-22T08:35:56,51.52630554974756,-0.1672966985153502,
2024-11-22T08:35:57,51.52614058538846,-0.1672169980662736,
2024-11-22T08:35:58,51.5262698053893,-0.16714344211313326,
2024-11-22T08:35:59,51.52617362314931,-0.16720601510407487,
2024-11-22T08:36:00,51.526215922729115,-0.16725662842265668,548
2024-11-22T08:36:01,51.52619863502174,-0.1670648782647035,
2024-11-22T08:36:02,51.52607033532829,-0.16709957643154155,
2024-11-22T08:36:03,51.526174173322616,-0.16709173605423377,
2024-11-22T08:36:04,51.526113036277074,-0.16711839761382222,
2024-11-22T08:36:05,51.52604718147973,-0.16704345421354116,790
2024-11-22T08:36:06,51.52593489773911,-0.16703657501083394,
2024-11-22T08:36:07,51.526023610717786,-0.1669119915401841,
2024-11-22T08:36:08,51.52604846857022,-0.16693474388766674,
2024-11-22T08:36:09,51.52602819927376,-0.16694387681571896,
2024-11-22T08:36:10,51.52601290178919,-0.16684692808989637,232
2024-11-22T08:36:11,51.52595581252444,-0.16682318406562907,
2024-11-22T08:36:12,51.52584928612121,-0.16699611432366498,
2024-11-22T08:36:13,51.52588512633703,-0.16679475918320977,
2024-11-22T08:36:14,51.52588128390107,-0.16682150379632957,
2024-11-22T08:36:15,51.52589063361632,-0.1669225928555566,516
2024-11-22T08:36:16,51.52578319800239,-0.16684122123118206,
2024-11-22T08:36:17,51.52570615996535,-0.1668025864308356,
2024-11-22T08:36:18,51.525662282018104,-0.16670368084293194,
2024-11-22T08:36:19,51.52563997268412,-0.16666753128827988,
2024-11-22T08:36:20,51.52564424664391,-0.16667408331622946,391
2024-11-22T08:36:21,51.52574397071446,-0.16675249025361757,
2024-11-22T08:36:22,51.525728541351285,-0.16676308941963391,
2024-11-22T08:36:23,51.52568591449056,-0.1666744621639811,
2024-11-22T08:36:24,51.525579710413176,-0.16666904691787546,
2024-11-22T08:36:25,51.52555523622778,-0.16666694704514,246
2024-11-22T08:36:26,51.52551355934354,-0.16658693727046625,
2024-11-22T08:36:27,51.52555975621242,-0.16648849580258593,
2024-11-22T08:36:28,51.525585873565745,-0.16654853566832611,
2024-11-22T08:36:29,51.525493386625165,-0.1664482255257676,
2024-11-22T08:36:30,51.52548381945796,-0.16653174555388478,533
2024-11-22T08:36:31,51.525409117606536,-0.1664303195689936,
2024-11-22T08:36:32,51.525419844327516,-0.16651630036693052,
2024-11-22T08:36:33,51.52542487259843,-0.16645543012173822,
2024-11-22T08:36:34,51.525417909760485,-0.16635077160703826,
2024-11-22T08:36:35,51.525443388135386,-0.16643069166704755,276
2024-11-22T08:36:36,51.525312888217634,-0.16638816821638097,
2024-11-22T08:36:37,51.525248493889556,-0.16642619353482968,
2024-11-22T08:36:38,51.52524689787043,-0.166389418322558,
2024-11-22T08:36:39,51.52523277082951,-0.16629659873558642,
2024-11-22T08:36:40,51.52531008217529,-0.1663195537947057,213
2024-11-22T08:36:41,51.525164295933294,-0.1663166740930013,
2024-11-22T08:36:42,51.52521852891635,-0.1663103095390984,
2024-11-22T08:36:43,51.52522209002182,-0.1661997847386408,
2024-11-22T08:36:44,51.52519893636957,-0.16629651105783397,
2024-11-22T08:36:45,51.5250901702451,-0.16623688874499756,684
2024-11-22T08:36:46,51.52514681090967,-0.16608968065915225,
2024-11-22T08:36:47,51.525190961665594,-0.16618754038677022,
2024-11-22T08:36:48,51.52498601145832,-0.166071596379316,
2024-11-22T08:36:49,51.52512238708788,-0.1660957634636774,
2024-11-22T08:36:50,51.525037232376995,-0.16616241831328746,670
2024-11-22T08:36:51,51.52499470583066,-0.1661290025030238,
2024-11-22T08:36:52,51.525046529875205,-0.1661418537961915,
2024-11-22T08:36:53,51.52489290455153,-0.16598966401083798,
2024-11-22T08:36:54,51.52486476961047,-0.1661042187507789,
2024-11-22T08:36:55,51.52482314091868,-0.1659396503029824,102
2024-11-22T08:36:56,51.524922113121434,-0.16594458698679648,
2024-11-22T08:36:57,51.524828868828514,-0.16600285311472793,
2024-11-22T08:36:58,51.52470217000875,-0.16592519577297377,
2024-11-22T08:36:59,51.524699996726646,-0.16596993558761416,
2024-11-22T08:37:00,51.52466824548189,-0.1659085602780866,541
2024-11-22T08:37:01,51.52470816738862,-0.1659337963748555,
2024-11-22T08:37:02,51.524615225538355,-0.16585918777335992,
2024-11-22T08:37:03,51.52474434369467,-0.16581247132286997,
2024-11-22T08:37:04,51.52460063051176,-0.16595820458997734,
2024-11-22T08:37:05,51.52461112201514,-0.16593281581187594,300
2024-11-22T08:37:06,51.52461890370317,-0.1658314814194822,
2024-11-22T08:37:07,51.52447401709648,-0.16584591062511253,
2024-11-22T08:37:08,51.524554523735254,-0.1657762478917909,
2024-11-22T08:37:09,51.524427193020855,-0.16573529680863805,
2024-11-22T08:37:10,51.52450040802988,-0.16586984174299024,51
2024-11-22T08:37:11,51.524446679461875,-0.16570652187454904,
2024-11-22T08:37:12,51.52450058131171,-0.16582420974914353,
2024-11-22T08:37:13,51.52431196047486,-0.16565611495325447,
2024-11-22T08:37:14,51.52443141069069,-0.16577996727166283,
2024-11-22T08:37:15,51.524369533785645,-0.1657295904235942,602
2024-11-22T08:37:16,51.524279887364536,-0.16563080887744103,
2024-11-22T08:37:17,51.52436520981731,-0.16557857560968123,
2024-11-22T08:37:18,51.5242105277286,-0.16555553064005615,
2024-11-22T08:37:19,51.52428076533234,-0.16562271025511582,
2024-11-22T08:37:20,51.524279691577696,-0.16568146693464922,470
2024-11-22T08:37:21,51.524238670379496,-0.16556067897784538,
2024-11-22T08:37:22,51.52405987352521,-0.1656689004766622,
2024-11-22T08:37:23,51.52420268143841,-0.16548375477259455,
2024-11-22T08:37:24,51.52412333119446,-0.1654930030487716,
2024-11-22T08:37:25,51.52404937861499,-0.16561037157695893,101
2024-11-22T08:37:26,51.52403213470861,-0.16561960215016672,
2024-11-22T08:37:27,51.523901654612224,-0.1655893506141444,
2024-11-22T08:37:28,51.52399710418627,-0.16544869928949466,
2024-11-22T08:37:29,51.524032536151566,-0.16557212568402485,
2024-11-22T08:37:30,51.52386483862639,-0.16539526842449634,731
2024-11-22T08:37:31,51.52380404284802,-0.16546737434813694,
2024-11-22T08:37:32,51.52395721938166,-0.16553954000925597,
2024-11-22T08:37:33,51.52383987722419,-0.16550123849945586,
2024-11-22T08:37:34,51.52371470937375,-0.16546837171266052,
2024-11-22T08:37:35,51.52374235835654,-0.16539982990107022,232
2024-11-22T08:37:36,51.5236857191018,-0.165285059163044,
2024-11-22T08:37:37,51.523768400233976,-0.16539328968436898,
2024-11-22T08:37:38,51.52373315619062,-0.16536221965301764,
2024-11-22T08:37:39,51.52366010924279,-0.16543519646802737,
2024-11-22T08:37:40,51.52361082306122,-0.1652653891770473,57
2024-11-22T08:37:41,51.52370734410203,-0.16521532295213107,
2024-11-22T08:37:42,51.52361537375299,-0.16528983036642497,
2024-11-22T08:37:43,51.5235731556466,-0.16523349299809018,
2024-11-22T08:37:44,51.52358482737494,-0.16534260880319523,
2024-11-22T08:37:45,51.52356962518443,-0.16515218906127654,765
2024-11-22T08:37:46,51.523422216737735,-0.16531621018319734,
2024-11-22T08:37:47,51.52346617102274,-0.16527049012527367,
2024-11-22T08:37:48,51.523466978193305,-0.16527437850063567,
2024-11-22T08:37:49,51.52335094877066,-0.16521440519403854,
2024-11-22T08:37:50,51.523357860111204,-0.16519804253029366,461
2024-11-22T08:37:51,51.52339561601189,-0.16522070702074065,
2024-11-22T08:37:52,51.52329126184586,-0.1650743250778377,
2024-11-22T08:37:53,51.52336402029757,-0.16511252790278144,
2024-11-22T08:37:54,51.523207213409755,-0.16504627002006989,
2024-11-22T08:37:55,51.52320118304246,-0.16502662853230599,243
2024-11-22T08:37:56,51.52318218363134,-0.16500868837287833,
2024-11-22T08:37:57,51.5231441065709,-0.16513170608092134,
2024-11-22T08:37:58,51.52313820917147,-0.16502182157144993,
2024-11-22T08:37:59,51.523064201048804,-0.16511108233830177,
2024-11-22T08:38:00,51.523159348511115,-0.16494687765195104,558
2024-11-22T08:38:01,51.52297424277067,-0.16490711103139669,
2024-11-22T08:38:02,51.523076828493906,-0.1650829382013395,
2024-11-22T08:38:03,51.523087454761736,-0.16498304105389872,
2024-11-22T08:38:04,51.52297890478812,-0.16497049081509654,
2024-11-22T08:38:05,51.523005401626,-0.16495104126829924,266
2024-11-22T08:38:06,51.522988817428455,-0.16483502301843878,
2024-11-22T08:38:07,51.52298983324307,-0.1649571649817142,
2024-11-22T08:38:08,51.522836981495175,-0.16482453046174153,
2024-11-22T08:38:09,51.522749639399876,-0.16491163949576063,
2024-11-22T08:38:10,51.52288049229418,-0.16487244405352278,109
2024-11-22T08:38:11,51.52278182183186,-0.1648873606900833,
2024-11-22T08:38:12,51.5228236911417,-0.16485593568501328,
2024-11-22T08:38:13,51.5228138015101,-0.16476466868571182,
2024-11-22T08:38:14,51.52270123296184,-0.16479416811972253,
2024-11-22T08:38:15,51.52272627165425,-0.1647948280455489,237
2024-11-22T08:38:16,51.52260412230301,-0.16472296465459843,
2024-11-22T08:38:17,51.522593256519635,-0.1647993212768964,
2024-11-22T08:38:18,51.52254757862947,-0.16484485170430602,
2024-11-22T08:38:19,51.52255040277479,-0.16481031056618328,
2024-11-22T08:38:20,51.52244711054535,-0.16467901650173278,734
2024-11-22T08:38:21,51.52242295072829,-0.16479789436450326,
2024-11-22T08:38:22,51.522406405961675,-0.16461153268089593,
2024-11-22T08:38:23,51.522488412964535,-0.164771362724362,
2024-11-22T08:38:24,51.5224245726625,-0.16465616420071333,
2024-11-22T08:38:25,51.52230605216986,-0.16472717009037102,607
2024-11-22T08:38:26,51.522295649681496,-0.16469491885605664,
2024-11-22T08:38:27,51.522308360514224,-0.16463327090189878,
2024-11-22T08:38:28,51.522270333327334,-0.16450109342006086,
2024-11-22T08:38:29,51.52223399596464,-0.16462546494717395,
2024-11-22T08:38:30,51.522186128393706,-0.1646045867032241,630
2024-11-22T08:38:31,51.52222391171446,-0.1645544451483228,
2024-11-22T08:38:32,51.52210714657872,-0.1644770372311647,
2024-11-22T08:38:33,51.52218497349219,-0.16455513230464147,
2024-11-22T08:38:34,51.5222078125424,-0.16455806428721115,
2024-11-22T08:38:35,51.52214543369658,-0.16441886994103422,639
2024-11-22T08:38:36,51.522187789854314,-0.16450249404064007,
2024-11-22T08:38:37,51.5220624538863,-0.16454381218132333,
2024-11-22T08:38:38,51.52201625510453,-0.16446860864348056,
2024-11-22T08:38:39,51.522094314363684,-0.16435015678661138,
2024-11-22T08:38:40,51.52205635318008,-0.16449024260260597,211
2024-11-22T08:38:41,51.52204428265459,-0.16443356946377818,
2024-11-22T08:38:42,51.52189140410863,-0.1644563144636355,
2024-11-22T08:38:43,51.52193791880677,-0.16429079305266384,
2024-11-22T08:38:44,51.52187495458393,-0.1643322359609467,
2024-11-22T08:38:45,51.52175074021906,-0.1643198975262844,629
2024-11-22T08:38:46,51.52178162831793,-0.16432949527291932,
2024-11-22T08:38:47,51.52183943255834,-0.1643884107719833,
2024-11-22T08:38:48,51.52169731023301,-0.16420851900303157,
2024-11-22T08:38:49,51.52167100015044,-0.16427204833346162,
2024-11-22T08:38:50,51.52171674829873,-0.16433583891672118,586
2024-11-22T08:38:51,51.521584424656155,-0.16429473909941622,
2024-11-22T08:38:52,51.5216333096794,-0.16423520205999123,
2024-11-22T08:38:53,51.52158832269388,-0.16416371394121382,
2024-11-22T08:38:54,51.52158518465723,-0.16413337427322847,
2024-11-22T08:38:55,51.52151599005925,-0.1642416998769643,613
2024-11-22T08:38:56,51.521514993698986,-0.16413097140093458,
2024-11-22T08:38:57,51.52149106280047,-0.1641934847831741,
2024-11-22T08:38:58,51.52140772099283,-0.16411749673966677,
2024-11-22T08:38:59,51.521468299221475,-0.16409806300658583,
2024-11-22T08:39:00,51.52143207060973,-0.16406850081692523,270
2024-11-22T08:39:01,51.52132882386821,-0.1640550089465246,
2024-11-22T08:39:02,51.52145107449294,-0.16403801378468477,
2024-11-22T08:39:03,51.52141329944333,-0.1640574980623511,
2024-11-22T08:39:04,51.52136276229594,-0.1640064915771611,
2024-11-22T08:39:05,51.52124997266539,-0.16399453395395294,691
2024-11-22T08:39:06,51.52131465767873,-0.1639370506818853,
2024-11-22T08:39:07,51.52132141756617,-0.16409628680482924,
2024-11-22T08:39:08,51.52113799224864,-0.16400316183102173,
2024-11-22T08:39:09,51.52120888953419,-0.1639762560478083,
2024-11-22T08:39:10,51.5211884812161,-0.16394828104760822,467
2024-11-22T08:39:11,51.52117366963626,-0.16399696200934624,
2024-11-22T08:39:12,51.52118607925848,-0.1640132326032349,
2024-11-22T08:39:13,51.52101151668304,-0.16396461675757268,
2024-11-22T08:39:14,51.520960938276254,-0.16392215102614854,
2024-11-22T08:39:15,51.5209926683402,-0.16387400269009747,71
2024-11-22T08:39:16,51.52100848666684,-0.1639647463876284,
2024-11-22T08:39:17,51.52101973659211,-0.16394029479570835,
2024-11-22T08:39:18,51.520989544816395,-0.16377101362898183,
2024-11-22T08:39:19,51.52099210533965,-0.1638144332228199,
2024-11-22T08:39:20,51.520849428291704,-0.1638506152429216,126
2024-11-22T08:39:21,51.52082619762989,-0.16384455720750504,
2024-11-22T08:39:22,51.5209007820272,-0.1638061717143843,
2024-11-22T08:39:23,51.52074591349946,-0.16380809398613508,
2024-11-22T08:39:24,51.52081404929462,-0.16376301491926126,
2024-11-22T08:39:25,51.5206705546608,-0.16371945799696389,612
2024-11-22T08:39:26,51.52067359705739,-0.16363511270229106,
2024-11-22T08:39:27,51.520617153140634,-0.16362072055068125,
2024-11-22T08:39:28,51.520702029102104,-0.16372195792534794,
2024-11-22T08:39:29,51.520600461758136,-0.16376999405828752,
2024-11-22T08:39:30,51.52060584931856,-0.16362307632949438,431
2024-11-22T08:39:31,51.52052204370792,-0.16359953512067035,
2024-11-22T08:39:32,51.520528803249945,-0.16357819593093745,
2024-11-22T08:39:33,51.52047253044901,-0.16360578033900647,
2024-11-22T08:39:34,51.520555442097105,-0.1635569750587936,
2024-11-22T08:39:35,51.52039489284574,-0.1636570617956897,290
2024-11-22T08:39:36,51.52052827421574,-0.16358320931283266,
2024-11-22T08:39:37,51.520486566802035,-0.16361504809425523,
2024-11-22T08:39:38,51.52034751689452,-0.16347427793092825,
2024-11-22T08:39:39,51.520355275150344,-0.16349218804521828,
2024-11-22T08:39:40,51.5202663085528,-0.16350230809345834,798
2024-11-22T08:39:41,51.520262546210716,-0.16342663905461788,
2024-11-22T08:39:42,51.52026448369178,-0.16350747766120066,
2024-11-22T08:39:43,51.52030425828738,-0.16339868515670114,
2024-11-22T08:39:44,51.5202189225417,-0.16337496462874512,
2024-11-22T08:39:45,51.52018759602677,-0.16339918598061604,397
2024-11-22T08:39:46,51.52016973680792,-0.16343166068991155,
2024-11-22T08:39:47,51.520142236289935,-0.16346667971115694,
2024-11-22T08:39:48,51.52018601432077,-0.16330414182944863,
2024-11-22T08:39:49,51.52003033766951,-0.16331771628311548,
2024-11-22T08:39:50,51.519990000372026,-0.1633538451738348,253
2024-11-22T08:39:51,51.51995179496054,-0.16336342194481634,
2024-11-22T08:39:52,51.520010515764184,-0.16341649843623302,
2024-11-22T08:39:53,51.52001474470466,-0.16326818879033028,
2024-11-22T08:39:54,51.519835539642045,-0.1633356849821513,
2024-11-22T08:39:55,51.51990238340107,-0.16336922201682255,722
2024-11-22T08:39:56,51.51989065866455,-0.1631935037005369,
2024-11-22T08:39:57,51.519898393839746,-0.16325569484449198,
2024-11-22T08:39:58,51.519910248549394,-0.16325213424850127,
2024-11-22T08:39:59,51.51971057687031,-0.16327716524047103,
2024-11-22T08:40:00,51.519861949437114,-0.16314831857581066,700
2024-11-22T08:40:01,51.51968342272371,-0.16328312948072884,
2024-11-22T08:40:02,51.51977497141465,-0.1631153739500354,
2024-11-22T08:40:03,51.519627614929014,-0.1630812732520639,
2024-11-22T08:40:04,51.519566937146394,-0.16323572007955828,
2024-11-22T08:40:05,51.51958288292169,-0.16314745966920147,219
2024-11-22T08:40:06,51.51958482360779,-0.16303157181530875,
2024-11-22T08:40:07,51.519617342969205,-0.16320140039604808,
2024-11-22T08:40:08,51.51961455949071,-0.1630886788097346,
2024-11-22T08:40:09,51.519562331343515,-0.16308817090726654,
2024-11-22T08:40:10,51.5195789187791,-0.16296382493125916,365
2024-11-22T08:40:11,51.51948688486053,-0.16304764203662,
2024-11-22T08:40:12,51.519424520799234,-0.1629441193211119,
2024-11-22T08:40:13,51.51940053193482,-0.16306965505536367,
2024-11-22T08:40:14,51.519389428775376,-0.16306982556502886,
2024-11-22T08:40:15,51.519267880381456,-0.16297874017043457,474
2024-11-22T08:40:16,51.51933380945349,-0.1629179598111402,
2024-11-22T08:40:17,51.51932131816397,-0.16290791513667482,
2024-11-22T08:40:18,51.5192530849976,-0.16301701639657332,
2024-11-22T08:40:19,51.51922210392972,-0.16297445844612193,
2024-11-22T08:40:20,51.51921225470782,-0.16294938537163609,218
2024-11-22T08:40:21,51.51916807603493,-0.16285775356631005,
2024-11-22T08:40:22,51.51906505065041,-0.16292844015106403,
2024-11-22T08:40:23,51.51922268640003,-0.16279306781119599,
2024-11-22T08:40:24,51.51919023069252,-0.16290110776279015,
2024-11-22T08:40:25,51.51907334459108,-0.16273387429787659,617
2024-11-22T08:40:26,51.51904161307924,-0.16280884386127745,
2024-11-22T08:40:27,51.519086461553,-0.16279509096845635,
2024-11-22T08:40:28,51.518985845416005,-0.16283845173724518,
2024-11-22T08:40:29,51.51904473278429,-0.16267812328548106,
2024-11-22T08:40:30,51.51887402852866,-0.1627249498343575,636
2024-11-22T08:40:31,51.51893741300683,-0.16266044926084,
2024-11-22T08:40:32,51.51897736564409,-0.1627789869635628,
2024-11-22T08:40:33,51.518838783943224,-0.16275391338323458,
2024-11-22T08:40:34,51.51878424079579,-0.16277410828860395,
2024-11-22T08:40:35,51.518810397624605,-0.16266195319137264,539
2024-11-22T08:40:36,51.518697345820364,-0.16259446793137028,
2024-11-22T08:40:37,51.51879119660141,-0.16255030571905854,
2024-11-22T08:40:38,51.518746826467506,-0.16268117206600513,
2024-11-22T08:40:39,51.51876671208277,-0.16260648158393187,
2024-11-22T08:40:40,51.5185973888129,-0.16270178567559632,703
2024-11-22T08:40:41,51.518614607958796,-0.16267405968790322,
2024-11-22T08:40:42,51.518592318883755,-0.16249696301503797,
2024-11-22T08:40:43,51.51867832845816,-0.16256919758760047,
2024-11-22T08:40:44,51.51862470595309,-0.16255462732131304,
2024-11-22T08:40:45,51.51852285195748,-0.16246134205089208,337
2024-11-22T08:40:46,51.51843964470164,-0.16259067766492274,
2024-11-22T08:40:47,51.518515296409404,-0.1625440020327339,
2024-11-22T08:40:48,51.518412650414916,-0.16251807274837266,
2024-11-22T08:40:49,51.51842352139412,-0.16266203538665733,
2024-11-22T08:40:50,51.51846175443099,-0.16270213971609487,717
2024-11-22T08:40:51,51.51845068717787,-0.1627221334983126,
2024-11-22T08:40:52,51.518369896783604,-0.1626101963072764,
2024-11-22T08:40:53,51.51827877375878,-0.16266637644815088,
2024-11-22T08:40:54,51.518233458141495,-0.16265702715382332,
2024-11-22T08:40:55,51.51818494138887,-0.1628242999171311,259
2024-11-22T08:40:56,51.51815510107844,-0.1627272710371547,
2024-11-22T08:40:57,51.518162460309,-0.16283359102305822,
2024-11-22T08:40:58,51.51824395293293,-0.16288307556831327,
2024-11-22T08:40:59,51.518170125692905,-0.16281229429804517,
2024-11-22T08:41:00,51.518210309447085,-0.16290036254558146,586
2024-11-22T08:41:01,51.518189506970295,-0.16282282457162686,
2024-11-22T08:41:02,51.51815965961232,-0.1628330947385814,
2024-11-22T08:41:03,51.51804112583193,-0.16292011058595296,
2024-11-22T08:41:04,51.518068329006425,-0.1629204046270271,
2024-11-22T08:41:05,51.51801116197856,-0.1628279201727315,415
2024-11-22T08:41:06,51.51796863590302,-0.16303403561461646,
2024-11-22T08:41:07,51.5180803190486,-0.16294303527323442,
2024-11-22T08:41:08,51.517904860264714,-0.16299785032463304,
2024-11-22T08:41:09,51.51789019819057,-0.16300533798847497,
2024-11-22T08:41:10,51.51784427911229,-0.16304768645739143,147
2024-11-22T08:41:11,51.51788617796892,-0.16307460299578547,
2024-11-22T08:41:12,51.517888867117364,-0.16298560386832875,
2024-11-22T08:41:13,51.51790406063386,-0.16311366756078535,
2024-11-22T08:41:14,51.517757111493495,-0.16305244355767795,
2024-11-22T08:41:15,51.51783722256369,-0.163146176674395,196
2024-11-22T08:41:16,51.51769180560803,-0.1632022269556089,
2024-11-22T08:41:17,51.51778558233538,-0.1630942051096521,
2024-11-22T08:41:18,51.51778610219283,-0.16321374661398774,
2024-11-22T08:41:19,51.517752837623,-0.16326911815421036,
2024-11-22T08:41:20,51.517674067404194,-0.1632720368236535,188
2024-11-22T08:41:21,51.5177009142166,-0.1633393987365819,
2024-11-22T08:41:22,51.51760695947979,-0.1632479869160469,
2024-11-22T08:41:23,51.51761719333732,-0.16326440002207762,
2024-11-22T08:41:24,51.517660448464866,-0.16332244696789305,
2024-11-22T08:41:25,51.517528301567026,-0.16325023560689259,477
2024-11-22T08:41:26,51.51749542763224,-0.16332610980386772,
2024-11-22T08:41:27,51.51758645197944,-0.16329721232539549,
2024-11-22T08:41:28,51.5174409733014,-0.16339543929327102,
2024-11-22T08:41:29,51.51749928067632,-0.1633196593415045,
2024-11-22T08:41:30,51.51740386567628,-0.1634118431150091,82
2024-11-22T08:41:31,51.517398599981625,-0.163392097185845,
2024-11-22T08:41:32,51.517383707811305,-0.16347517160484223,
2024-11-22T08:41:33,51.51735974901243,-0.16339086741779513,
2024-11-22T08:41:34,51.51734368784374,-0.1635746451577248,
2024-11-22T08:41:35,51.51725231832056,-0.16361122067174325,68
2024-11-22T08:41:36,51.51728021232703,-0.1634477846660838,
2024-11-22T08:41:37,51.51723679899988,-0.1634646839102287,
2024-11-22T08:41:38,51.517172741886206,-0.1636483889255332,
2024-11-22T08:41:39,51.51720995843601,-0.16368539316844916,
2024-11-22T08:41:40,51.51710581332021,-0.16359088733271868,536
2024-11-22T08:41:41,51.51718298927265,-0.16370375677195215,
2024-11-22T08:41:42,51.51705701935384,-0.16374178525759042,
2024-11-22T08:41:43,51.51705152030132,-0.16369505438251808,
2024-11-22T08:41:44,51.51706220982164,-0.1636553477590499,
2024-11-22T08:41:45,51.517051233467335,-0.16367942567024804,181
2024-11-22T08:41:46,51.51702138727963,-0.16383153259061925,
2024-11-22T08:41:47,51.516950239889674,-0.16367801839727447,
2024-11-22T08:41:48,51.517058976654276,-0.1638277124022399,
2024-11-22T08:41:49,51.516866085026464,-0.16379406580804157,
2024-11-22T08:41:50,51.51696024179149,-0.16371577110550847,52
2024-11-22T08:41:51,51.51698137265096,-0.16392484528305146,
2024-11-22T08:41:52,51.5169045767361,-0.1637778333469535,
2024-11-22T08:41:53,51.51683619305949,-0.1637904611018554,
2024-11-22T08:41:54,51.51689606952367,-0.16387607747409555,
2024-11-22T08:41:55,51.51682170542761,-0.16392157835111998,455
2024-11-22T08:41:56,51.516787589873836,-0.1639662099801548,
2024-11-22T08:41:57,51.51674022851476,-0.16387444221227035,
2024-11-22T08:41:58,51.516644301349785,-0.1640501938651353,
2024-11-22T08:41:59,51.51679370126011,-0.1640444390559299,
2024-11-22T08:42:00,51.51671095427801,-0.16393932804897235,57
2024-11-22T08:42:01,51.51667917960571,-0.16395261608425216,
2024-11-22T08:42:02,51.51669406402798,-0.16398580200690038,
2024-11-22T08:42:03,51.51662719992612,-0.16404541012454044,
2024-11-22T08:42:04,51.51659751336642,-0.16408279583406804,
2024-11-22T08:42:05,51.51648670401853,-0.16418052013044998,434
2024-11-22T08:42:06,51.516585469611606,-0.16405347783852697,
2024-11-22T08:42:07,51.51643130198395,-0.16412480866857732,
2024-11-22T08:42:08,51.51643370081013,-0.16416836860731598,
2024-11-22T08:42:09,51.51647106350715,-0.164277573753503,
2024-11-22T08:42:10,51.51636656717878,-0.1641197207953866,615
2024-11-22T08:42:11,51.51633813569216,-0.16415608189475475,
2024-11-22T08:42:12,51.51629074733928,-0.16427845166288102,
2024-11-22T08:42:13,51.51641004258851,-0.16421217648998518,
2024-11-22T08:42:14,51.51628893658177,-0.16428258054856865,
2024-11-22T08:42:15,51.51626480279171,-0.16420935795824632,359
2024-11-22T08:42:16,51.51636636406857,-0.16438139957214845,
2024-11-22T08:42:17,51.51633475086381,-0.16434954479827135,
2024-11-22T08:42:18,51.51619474966853,-0.16430243947710355,
2024-11-22T08:42:19,51.51619833997039,-0.16437879284645282,
2024-11-22T08:42:20,51.51613142710393,-0.16447867213711262,54
2024-11-22T08:42:21,51.51626179623116,-0.16443680254605883,
2024-11-22T08:42:22,51.51621496899989,-0.16439664192928488,
2024-11-22T08:42:23,51.51606189412493,-0.16449954292040006,
2024-11-22T08:42:24,51.51613026756689,-0.16439047747057783,
2024-11-22T08:42:25,51.5160790169469,-0.16451268698653632,751
2024-11-22T08:42:26,51.51596630520769,-0.16455919714018435,
2024-11-22T08:42:27,51.51601014358476,-0.1645899843987019,
2024-11-22T08:42:28,51.51604431615835,-0.16465279157963328,
2024-11-22T08:42:29,51.51593598370422,-0.16467379372615187,
2024-11-22T08:42:30,51.51597312075973,-0.16458684043087707,495
2024-11-22T08:42:31,51.51595179202952,-0.16459669753232728,
2024-11-22T08:42:32,51.51595394265437,-0.16469850203457723,
2024-11-22T08:42:33,51.515969998762465,-0.1646474808136139,
2024-11-22T08:42:34,51.5158646665325,-0.16462947322931146,
2024-11-22T08:42:35,51.515801922053086,-0.1646330495746983,640
2024-11-22T08:42:36,51.51585583455488,-0.1646766720956467,
2024-11-22T08:42:37,51.515700967319596,-0.1647086065601086,
2024-11-22T08:42:38,51.51584607400107,-0.16471474721381374,
2024-11-22T08:42:39,51.51577778511595,-0.16473180025666914,
2024-11-22T08:42:40,51.515709318281296,-0.16488520022919703,488
2024-11-22T08:42:41,51.51563311330302,-0.16490136559279056,
2024-11-22T08:42:42,51.51571257183671,-0.1649164235249269,
2024-11-22T08:42:43,51.51556003521191,-0.16484330374334624,
2024-11-22T08:42:44,51.51558838171727,-0.16485161263510253,
2024-11-22T08:42:45,51.51559369431597,-0.16491265771658553,478
2024-11-22T08:42:46,51.51564406863615,-0.16485552967197217,
2024-11-22T08:42:47,51.51555348740471,-0.1649507591344257,
2024-11-22T08:42:48,51.515451654651514,-0.16494134797325358,
2024-11-22T08:42:49,51.51549874999954,-0.16493513594567447,
2024-11-22T08:42:50,51.515375742655884,-0.16509673910907852,310
2024-11-22T08:42:51,51.51540662730459,-0.16504059383870576,
2024-11-22T08:42:52,51.51534188720841,-0.1649365483829758,
2024-11-22T08:42:53,51.515335864421765,-0.16509900478154593,
2024-11-22T08:42:54,51.51540473916785,-0.1650020363074028,
2024-11-22T08:42:55,51.51539283525382,-0.1650680266741153,675
2024-11-22T08:42:56,51.515315000899975,-0.16520762800360891,
2024-11-22T08:42:57,51.515193286465944,-0.16519935420860393,
2024-11-22T08:42:58,51.515240226935994,-0.16505656080402337,
2024-11-22T08:42:59,51.51513518636858,-0.16519922737967835,
2024-11-22T08:43:00,51.51527552141903,-0.16510626539498366,424
2024-11-22T08:43:01,51.51515810238438,-0.1653056984504466,
2024-11-22T08:43:02,51.51521493857884,-0.16520001131795561,
2024-11-22T08:43:03,51.51519092938952,-0.16520376165790446,
2024-11-22T08:43:04,51.5151111359634,-0.16518608611006308,
2024-11-22T08:43:05,51.51506048376536,-0.16525474563394718,511
2024-11-22T08:43:06,51.51497665380272,-0.16537943996552626,
2024-11-22T08:43:07,51.51502127025726,-0.16541600001626736,
2024-11-22T08:43:08,51.51504234059284,-0.16536696596106104,
2024-11-22T08:43:09,51.51497238679605,-0.165285500603986,
2024-11-22T08:43:10,51.51497944968988,-0.16542317922068758,78
2024-11-22T08:43:11,51.514892131808416,-0.16551039393732841,
2024-11-22T08:43:12,51.514828143783355,-0.1654391815411437,
2024-11-22T08:43:13,51.51493537947214,-0.1654018021032764,
2024-11-22T08:43:14,51.51485062165451,-0.16554027404337135,
2024-11-22T08:43:15,51.51476924880325,-0.16547656309760347,197
2024-11-22T08:43:16,51.5148506941296,-0.16560000828300675,
2024-11-22T08:43:17,51.514735931287575,-0.16555766402083755,
2024-11-22T08:43:18,51.51481858067858,-0.16558932781534882,
2024-11-22T08:43:19,51.51466599680292,-0.1655357100533462,
2024-11-22T08:43:20,51.51478046867021,-0.16555058866243008,76
2024-11-22T08:43:21,51.5146313308672,-0.16554881092847162,
2024-11-22T08:43:22,51.51458621185073,-0.165631936023034,
2024-11-22T08:43:23,51.51456042842335,-0.16568499250137939,
2024-11-22T08:43:24,51.51470157997126,-0.16560568073817275,
2024-11-22T08:43:25,51.514690316534775,-0.16568245924819183,213
2024-11-22T08:43:26,51.51456826397401,-0.16579101945289568,
2024-11-22T08:43:27,51.51446271224449,-0.165766878626097,
2024-11-22T08:43:28,51.51454628034656,-0.16575349779410786,
2024-11-22T08:43:29,51.514502104864086,-0.16582494728676173,
2024-11-22T08:43:30,51.51454427032565,-0.165830535088637,170
2024-11-22T08:43:31,51.514472936357514,-0.16587781575062827,
2024-11-22T08:43:32,51.51439179111411,-0.16591952349331143,
2024-11-22T08:43:33,51.51429746354527,-0.16581962932942848,
2024-11-22T08:43:34,51.51436917455201,-0.16595669770181726,
2024-11-22T08:43:35,51.51429770165612,-0.1658242296621863,681
2024-11-22T08:43:36,51.51424058687739,-0.16580766769620434,
2024-11-22T08:43:37,51.51438708877192,-0.16590455091685452,
2024-11-22T08:43:38,51.514198838694895,-0.16584958094986058,
2024-11-22T08:43:39,51.51420604446107,-0.16602157285284597,
2024-11-22T08:43:40,51.51418469381297,-0.16596431633083553,113
2024-11-22T08:43:41,51.51428579514069,-0.1659246154615967,
2024-11-22T08:43:42,51.51420696907566,-0.16597973534693516,
2024-11-22T08:43:43,51.51409383089572,-0.16601468638119676,
2024-11-22T08:43:44,51.514092481111426,-0.1660543664114974,
2024-11-22T08:43:45,51.51417774687032,-0.1660697849886868,157
2024-11-22T08:43:46,51.51400788734482,-0.16612284027560487,
2024-11-22T08:43:47,51.513994405672214,-0.16614292819535761,
2024-11-22T08:43:48,51.51394233116392,-0.16607676623420028,
2024-11-22T08:43:49,51.51409429617894,-0.166108130014343,
2024-11-22T08:43:50,51.514057874609584,-0.1661581234916075,635
2024-11-22T08:43:51,51.51392328430888,-0.1662353185284087,
2024-11-22T08:43:52,51.51388272946237,-0.16631012944657525,
2024-11-22T08:43:53,51.513929050882055,-0.16621531877058038,
2024-11-22T08:43:54,51.51392858729832,-0.16631597131850234,
2024-11-22T08:43:55,51.513867630593,-0.16622059991153912,141
2024-11-22T08:43:56,51.51383619184662,-0.16632989824402933,
2024-11-22T08:43:57,51.513733115212034,-0.16624445942293808,
2024-11-22T08:43:58,51.51387279641237,-0.1663679761222605,
2024-11-22T08:43:59,51.51381871270095,-0.16629869516580612,
2024-11-22T08:44:00,51.51367246989006,-0.1664488096086537,133
2024-11-22T08:44:01,51.513700988280675,-0.16642742883095143,
2024-11-22T08:44:02,51.5136872220831,-0.16650668515179573,
2024-11-22T08:44:03,51.51368274816341,-0.16646015634068426,
2024-11-22T08:44:04,51.513671751380016,-0.16650428883811,
2024-11-22T08:44:05,51.51369523881867,-0.16643733790628137,212
2024-11-22T08:44:06,51.51355987435838,-0.16654416726718696,
2024-11-22T08:44:07,51.51352759192157,-0.16648109216792847,
2024-11-22T08:44:08,51.51360531936232,-0.16657187966354356,
2024-11-22T08:44:09,51.51347650406794,-0.16658097178067519,
2024-11-22T08:44:10,51.51341355244343,-0.16659503639552586,688
2024-11-22T08:44:11,51.5134203830027,-0.16658227396711467,
2024-11-22T08:44:12,51.513524614413775,-0.16665650503383506,
2024-11-22T08:44:13,51.51344364931862,-0.16659770173218644,
2024-11-22T08:44:14,51.51337713437239,-0.16673024726710595,
2024-11-22T08:44:15,51.513279011265574,-0.16665179234568459,585
2024-11-22T08:44:16,51.51335829709718,-0.1666730082471837,
2024-11-22T08:44:17,51.513219324407274,-0.16669389499161053,
2024-11-22T08:44:18,51.51319465022963,-0.16681052035246943,
2024-11-22T08:44:19,51.51325788067258,-0.1666887526368657,
2024-11-22T08:44:20,51.51329378528196,-0.1668434779961774,766
2024-11-22T08:44:21,51.51329833079506,-0.1667487320983695,
2024-11-22T08:44:22,51.51327960987209,-0.16680279274712292,
2024-11-22T08:44:23,51.513249000353184,-0.1669242046493647,
2024-11-22T08:44:24,51.513205533487074,-0.16684969312145656,
2024-11-22T08:44:25,51.513201937864075,-0.1668611564240123,133
2024-11-22T08:44:26,51.51299355624515,-0.16680094317379587,
2024-11-22T08:44:27,51.513108040417144,-0.16686586067654247,
2024-11-22T08:44:28,51.513009681793605,-0.16701683599862427,
2024-11-22T08:44:29,51.51297334907224,-0.16695519350877241,
2024-11-22T08:44:30,51.513064753996545,-0.16689207406788747,409
2024-11-22T08:44:31,51.51300004674812,-0.16696824942534993,
2024-11-22T08:44:32,51.51296931931919,-0.16692838723842815,
2024-11-22T08:44:33,51.51289798917515,-0.16695517813950245,
2024-11-22T08:44:34,51.51282836507738,-0.1669623665254401,
2024-11-22T08:44:35,51.51296767606134,-0.16712197902653167,725
2024-11-22T08:44:36,51.51290045174974,-0.1671355077054446,
2024-11-22T08:44:37,51.51278877821456,-0.16720458065799054,
2024-11-22T08:44:38,51.51271257086916,-0.16708184858048833,
2024-11-22T08:44:39,51.51276667829553,-0.1672331551315557,
2024-11-22T08:44:40,51.51265724033748,-0.1671470333676596,532
2024-11-22T08:44:41,51.51280871632541,-0.16727828170340256,
2024-11-22T08:44:42,51.51270425561959,-0.1671835139357972,
2024-11-22T08:44:43,51.512596153717546,-0.16721510291203254,
2024-11-22T08:44:44,51.51270471402838,-0.16716560319395166,
2024-11-22T08:44:45,51.51266919309215,-0.16720478949357026,700
2024-11-22T08:44:46,51.51269338609651,-0.1672092466010681,
2024-11-22T08:44:47,51.512529314528166,-0.16721450558783488,
2024-11-22T08:44:48,51.51262380177441,-0.16729428320192086,
2024-11-22T08:44:49,51.51258941145021,-0.1672906259002785,
2024-11-22T08:44:50,51.51258059254293,-0.16739779017004391,99
2024-11-22T08:44:51,51.51256287842676,-0.16745409035832373,
2024-11-22T08:44:52,51.51236566417139,-0.1673800298198884,
2024-11-22T08:44:53,51.51243785279404,-0.16738426497533151,
2024-11-22T08:44:54,51.51233482401894,-0.16744051072130267,
2024-11-22T08:44:55,51.5124171815521,-0.16742050460722996,147
2024-11-22T08:44:56,51.512362919153695,-0.16754439256191347,
2024-11-22T08:44:57,51.512394893432386,-0.1674263315317188,
2024-11-22T08:44:58,51.51239792942765,-0.16743664108745582,
2024-11-22T08:44:59,51.512381925772125,-0.1675463283539586,
2024-11-22T08:45:00,51.51220060819079,-0.16748745557666977,701
2024-11-22T08:45:01,51.512192198579115,-0.1674961356481598,
2024-11-22T08:45:02,51.51230428000645,-0.1676998903381522,
2024-11-22T08:45:03,51.512227385180424,-0.16771292283364508,
2024-11-22T08:45:04,51.51225079571216,-0.16768637151418117,
2024-11-22T08:45:05,51.5122122146726,-0.16767781724809577,292
2024-11-22T08:45:06,51.51206738647945,-0.16776401585811077,
2024-11-22T08:45:07,51.51210303079933,-0.1676661008930589,
2024-11-22T08:45:08,51.51208593651831,-0.1678085465061466,
2024-11-22T08:45:09,51.51204163671236,-0.16782397956196288,
2024-11-22T08:45:10,51.51191714586874,-0.16781682727634076,402
2024-11-22T08:45:11,51.5119453182443,-0.16773285174665298,
2024-11-22T08:45:12,51.51199725889924,-0.1678985737998268,
2024-11-22T08:45:13,51.51195703756093,-0.16774092547681005,
2024-11-22T08:45:14,51.512012199867115,-0.16786418402909897,
2024-11-22T08:45:15,51.51188686567111,-0.16778076581457013,195
2024-11-22T08:45:16,51.51184463069644,-0.16791151276704464,
2024-11-22T08:45:17,51.51174969435099,-0.16783410466722667,
2024-11-22T08:45:18,51.51177773014285,-0.16787358418911075,
2024-11-22T08:45:19,51.511697193902314,-0.16792180977832888,
2024-11-22T08:45:20,51.51182225807853,-0.16792549379782012,501
2024-11-22T08:45:21,51.51168084712254,-0.1679319722061307,
2024-11-22T08:45:22,51.511808905626395,-0.16793354630157292,
2024-11-22T08:45:23,51.5116432947427,-0.16797275644512927,
2024-11-22T08:45:24,51.51176758159462,-0.1680342259421471,
2024-11-22T08:45:25,51.51170226940922,-0.16808822211897043,457
2024-11-22T08:45:26,51.5116330872162,-0.16806926204369418,
2024-11-22T08:45:27,51.51159273515994,-0.16811535058581914,
2024-11-22T08:45:28,51.51149743115592,-0.16808713550117557,
2024-11-22T08:45:29,51.51147947630904,-0.16818438273485997,
2024-11-22T08:45:30,51.51156281470316,-0.1682278864341245,422
2024-11-22T08:45:31,51.511478306506326,-0.1681048021409634,
2024-11-22T08:45:32,51.51139009355686,-0.16829295775200936,
2024-11-22T08:45:33,51.51149808307379,-0.16819520393966028,
2024-11-22T08:45:34,51.51147302590083,-0.1681431589316499,
2024-11-22T08:45:35,51.51136461425586,-0.168249301496753,692
2024-11-22T08:45:36,51.51135004371061,-0.16821588215433658,
2024-11-22T08:45:37,51.51140165512629,-0.16833111833581468,
2024-11-22T08:45:38,51.511410184153675,-0.1683715690210103,
2024-11-22T08:45:39,51.51133219915306,-0.16831691883328959,
2024-11-22T08:45:40,51.51136482934595,-0.16831167334092645,301
2024-11-22T08:45:41,51.511175635075666,-0.1682949540978634,
2024-11-22T08:45:42,51.5112027116283,-0.1683664457642091,
2024-11-22T08:45:43,51.5111198929541,-0.16839549209462157,
2024-11-22T08:45:44,51.51109957653427,-0.1683375824951623,
2024-11-22T08:45:45,51.51119414814301,-0.1684042309706428,760
2024-11-22T08:45:46,51.51121934088204,-0.16850865307649399,
2024-11-22T08:45:47,51.51100500395377,-0.16843500349993348,
2024-11-22T08:45:48,51.51105376288819,-0.16844567972311564,
2024-11-22T08:45:49,51.51097569682401,-0.16844914691032084,
2024-11-22T08:45:50,51.51097904021181,-0.16863553269424958,402
2024-11-22T08:45:51,51.511090390519385,-0.16853173029049956,
2024-11-22T08:45:52,51.51093831425208,-0.16866208182560247,
2024-11-22T08:45:53,51.5109388431539,-0.16862160421785188,
2024-11-22T08:45:54,51.51091034053563,-0.16864820076059686,
2024-11-22T08:45:55,51.51088992909025,-0.1685876518922411,442
2024-11-22T08:45:56,51.51085785777247,-0.1686793040610625,
2024-11-22T08:45:57,51.51093444089293,-0.16861488470464567,
2024-11-22T08:45:58,51.51090802784297,-0.16868279339046516,
2024-11-22T08:45:59,51.510756128107076,-0.16871173670796563,
2024-11-22T08:46:00,51.51080246545114,-0.16883508199663944,400
2024-11-22T08:46:01,51.51082696435777,-0.16876288509378565,
2024-11-22T08:46:02,51.51080788085774,-0.16876182740400922,
2024-11-22T08:46:03,51.51068213988818,-0.16871535291043463,
2024-11-22T08:46:04,51.51072204629019,-0.1689086051514909,
2024-11-22T08:46:05,51.51062169638415,-0.16877473439535512,678
2024-11-22T08:46:06,51.51068744287245,-0.16888397251858864,
2024-11-22T08:46:07,51.51069172338802,-0.16895889321862967,
2024-11-22T08:46:08,51.51055225265008,-0.16890675848009665,
2024-11-22T08:46:09,51.510655106885054,-0.16885903297373014,
2024-11-22T08:46:10,51.51058695849725,-0.16887917381668618,247
2024-11-22T08:46:11,51.510546986892116,-0.16888725295626125,
2024-11-22T08:46:12,51.51046471725712,-0.16892885869781052,
2024-11-22T08:46:13,51.510456317182474,-0.16897959907954163,
2024-11-22T08:46:14,51.51046258052407,-0.16910013800265525,
2024-11-22T08:46:15,51.51037599613484,-0.168944039706729,484
2024-11-22T08:46:16,51.51039668797668,-0.16910555722957052,
2024-11-22T08:46:17,51.51038785601755,-0.16909132869922652,
2024-11-22T08:46:18,51.51028619952645,-0.16905206268558734,
2024-11-22T08:46:19,51.510309947619476,-0.16907372882213517,
2024-11-22T08:46:20,51.51034894821487,-0.1691398198115852,84
2024-11-22T08:46:21,51.51025092981858,-0.16917916663955876,
2024-11-22T08:46:22,51.51029555583319,-0.16926545157359887,
2024-11-22T08:46:23,51.51021282272898,-0.16918764434596467,
2024-11-22T08:46:24,51.51027753225573,-0.1692098782654157,
2024-11-22T08:46:25,51.51018880728661,-0.16927032294997232,155
2024-11-22T08:46:26,51.51009554979859,-0.16916956304089625,
2024-11-22T08:46:27,51.510116412760425,-0.1693248395659147,
2024-11-22T08:46:28,51.51018863098433,-0.16933579234141202,
2024-11-22T08:46:29,51.51008796203128,-0.1694161040553525,
2024-11-22T08:46:30,51.510055814751865,-0.16936647554587766,622
2024-11-22T08:46:31,51.510113589742545,-0.16945156636646344,
2024-11-22T08:46:32,51.50990852979328,-0.16941672446459516,
2024-11-22T08:46:33,51.5100515320837,-0.16935110476975182,
2024-11-22T08:46:34,51.510002501983784,-0.1693786794648567,
2024-11-22T08:46:35,51.509827949133395,-0.16945721232219146,724
2024-11-22T08:46:36,51.50980396716456,-0.16941529041846337,
2024-11-22T08:46:37,51.50977541690563,-0.1695066695091462,
2024-11-22T08:46:38,51.50983967395331,-0.1694181734937323,
2024-11-22T08:46:39,51.509847081479016,-0.16959218026633052,
2024-11-22T08:46:40,51.50974547955985,-0.16958708553112772,609
2024-11-22T08:46:41,51.5096933804575,-0.16957396852645618,
2024-11-22T08:46:42,51.50971232210652,-0.16959788043620658,
2024-11-22T08:46:43,51.50978680529711,-0.16955609935357444,
2024-11-22T08:46:44,51.50963045016762,-0.16966459097782471,
2024-11-22T08:46:45,51.50972981397708,-0.16972596809007068,96
2024-11-22T08:46:46,51.50970260418478,-0.16958672420990378,
2024-11-22T08:46:47,51.509576945689474,-0.16977470294759428,
2024-11-22T08:46:48,51.50953796001644,-0.16962543319932769,
2024-11-22T08:46:49,51.5095175319089,-0.16980963213410546,
2024-11-22T08:46:50,51.5096339728207,-0.16963790022780187,204
2024-11-22T08:46:51,51.50959148367297,-0.16965540887381178,
2024-11-22T08:46:52,51.50949600232149,-0.1697283838746901,
2024-11-22T08:46:53,51.50938771492685,-0.16979591221818208,
2024-11-22T08:46:54,51.50945998597967,-0.16974374492084104,
2024-11-22T08:46:55,51.50947765103727,-0.16981590988637926,541
2024-11-22T08:46:56,51.50931384747459,-0.16987051455816296,
2024-11-22T08:46:57,51.50939413175201,-0.16978611150998585,
2024-11-22T08:46:58,51.50928205741431,-0.1698599175730376,
2024-11-22T08:46:59,51.50930160001404,-0.16997319378413642,
2024-11-22T08:47:00,51.509392793927184,-0.1699747519195365,601
2024-11-22T08:47:01,51.50935779081349,-0.1698935051102991,
2024-11-22T08:47:02,51.50923940612595,-0.16999550909574745,
2024-11-22T08:47:03,51.509268952684984,-0.16998772720168207,
2024-11-22T08:47:04,51.5093068543655,-0.16996128482847273,
2024-11-22T08:47:05,51.509198690373076,-0.17004274197263872,433
2024-11-22T08:47:06,51.50915747427189,-0.17007195032116335,
2024-11-22T08:47:07,51.509134153126695,-0.16999630578256772,
2024-11-22T08:47:08,51.50920223883273,-0.17008442364729998,
2024-11-22T08:47:09,51.50906653309223,-0.17014015354950057,
2024-11-22T08:47:10,51.50906206912604,-0.17015672257441217,187
2024-11-22T08:47:11,51.50907516138743,-0.1700558645634162,
2024-11-22T08:47:12,51.50910977367866,-0.1702650542906283,
2024-11-22T08:47:13,51.50890637032216,-0.170250967003565,
2024-11-22T08:47:14,51.50896189885479,-0.17011674822607822,
2024-11-22T08:47:15,51.508994325518415,-0.17031090623935718,107
2024-11-22T08:47:16,51.50896231427238,-0.17023582008869145,
2024-11-22T08:47:17,51.50885957123148,-0.1702369942512717,
2024-11-22T08:47:18,51.50881757221948,-0.1703311037335936,
2024-11-22T08:47:19,51.50886461672312,-0.17038879237588134,
2024-11-22T08:47:20,51.50879387281871,-0.170361597473856,99
2024-11-22T08:47:21,51.50882220774046,-0.17024771753712437,
2024-11-22T08:47:22,51.50869448066872,-0.17038289824655764,
2024-11-22T08:47:23,51.50864749480705,-0.1703281447240509,
2024-11-22T08:47:24,51.50870899076082,-0.17046678228245957,
2024-11-22T08:47:25,51.50874844765367,-0.17051676530771803,306
2024-11-22T08:47:26,51.508614356465046,-0.17036258552812333,
2024-11-22T08:47:27,51.50864900641439,-0.17051521751084153,
2024-11-22T08:47:28,51.50863607856259,-0.17052417477115447,
2024-11-22T08:47:29,51.50849633774722,-0.1704294691745869,
2024-11-22T08:47:30,51.50849988937648,-0.17056639983759986,245
2024-11-22T08:47:31,51.50852502299473,-0.17057352056604289,
2024-11-22T08:47:32,51.50856004651176,-0.17052312202588676,
2024-11-22T08:47:33,51.50846779472305,-0.17063486836189035,
2024-11-22T08:47:34,51.508464293636926,-0.17058567905638242,
2024-11-22T08:47:35,51.5083839688837,-0.17067492884479915,370
2024-11-22T08:47:36,51.50851033136305,-0.1707350287684096,
2024-11-22T08:47:37,51.50836680969863,-0.17063110419715294,
2024-11-22T08:47:38,51.50838461913459,-0.17058956080089413,
2024-11-22T08:47:39,51.50831194021014,-0.17063454802354908,
2024-11-22T08:47:40,51.508252985777226,-0.17081926942868567,797
2024-11-22T08:47:41,51.508320335359386,-0.17083712214790786,
2024-11-22T08:47:42,51.50834762659877,-0.17068934166516556,
2024-11-22T08:47:43,51.50825829419387,-0.17070237704997002,
2024-11-22T08:47:44,51.50824935245354,-0.17082863673770954,
2024-11-22T08:47:45,51.50812646681082,-0.17078719061752295,690
2024-11-22T08:47:46,51.50814714410837,-0.17086177746588846,
2024-11-22T08:47:47,51.50824736552556,-0.1708020922747419,
2024-11-22T08:47:48,51.508082697439065,-0.17087452540467568,
2024-11-22T08:47:49,51.50812896898381,-0.17097272300440197,
2024-11-22T08:47:50,51.50814533102301,-0.17093379974607736,404
2024-11-22T08:47:51,51.5080119989464,-0.17088118785477535,
2024-11-22T08:47:52,51.508062251543706,-0.1709633199566736,
2024-11-22T08:47:53,51.50802174028765,-0.1709791502009987,
2024-11-22T08:47:54,51.5080493924985,-0.1709351234775558,
2024-11-22T08:47:55,51.50801642143802,-0.17093685331189004,92
2024-11-22T08:47:56,51.5079634616644,-0.1710452457973373,
2024-11-22T08:47:57,51.50784862199293,-0.17104890295032205,
2024-11-22T08:47:58,51.507850380213185,-0.17111771972607911,
2024-11-22T08:47:59,51.507907109165096,-0.1710198497725924,
2024-11-22T08:48:00,51.50786039959156,-0.17115371062678242,377
2024-11-22T08:48:01,51.5078926183694,-0.1711546403999173,
2024-11-22T08:48:02,51.507687147686326,-0.17106353485059292,
2024-11-22T08:48:03,51.50785228206322,-0.17109834495954712,
2024-11-22T08:48:04,51.50777464926413,-0.17127204124145845,
2024-11-22T08:48:05,51.50773944495701,-0.17112838068292072,712
2024-11-22T08:48:06,51.50759781917652,-0.17115030603643064,
2024-11-22T08:48:07,51.507679463214444,-0.17118258070852543,
2024-11-22T08:48:08,51.50771019177071,-0.1713223942053808,
2024-11-22T08:48:09,51.50752844836434,-0.1713767160209268,
2024-11-22T08:48:10,51.5076009766704,-0.17141229568655852,707
2024-11-22T08:48:11,51.507561179923826,-0.17130825777268563,
2024-11-22T08:48:12,51.50750072610737,-0.17139094144061326,
2024-11-22T08:48:13,51.507477256318666,-0.17134036929357238,
2024-11-22T08:48:14,51.50756344192375,-0.17131897498047757,
2024-11-22T08:48:15,51.50754669844964,-0.17144333762727987,646
2024-11-22T08:48:16,51.50743705970424,-0.17139917386685344,
2024-11-22T08:48:17,51.50735570590481,-0.1715432073977305,
2024-11-22T08:48:18,51.50738070707236,-0.1714862485746336,
2024-11-22T08:48:19,51.50739259887715,-0.17156541897349253,
2024-11-22T08:48:20,51.507399710071226,-0.17159193684216914,86
2024-11-22T08:48:21,51.50740506861304,-0.17152873263142268,
2024-11-22T08:48:22,51.50731300187441,-0.17148212890119954,
2024-11-22T08:48:23,51.5071731576735,-0.1715097677411206,
2024-11-22T08:48:24,51.507298243901346,-0.17160231748122817,
2024-11-22T08:48:25,51.50725768515097,-0.1715661732448213,564
2024-11-22T08:48:26,51.50716711105038,-0.1716117344599002,
2024-11-22T08:48:27,51.50709868716256,-0.1716480953349448,
2024-11-22T08:48:28,51.50722034010755,-0.17175304826869714,
2024-11-22T08:48:29,51.507173408478835,-0.17160373877079926,
2024-11-22T08:48:30,51.50716755584075,-0.17163717269905038,297
2024-11-22T08:48:31,51.50699753836132,-0.17180624034156045,
2024-11-22T08:48:32,51.50703742103908,-0.17180011238039133,
2024-11-22T08:48:33,51.50706564314576,-0.1717959747067003,
2024-11-22T08:48:34,51.50702058057841,-0.17174995231363804,
2024-11-22T08:48:35,51.50695611570313,-0.17180307953140359,552
2024-11-22T08:48:36,51.50702761283572,-0.17182703725112072,
2024-11-22T08:48:37,51.50698825885084,-0.17191358850339555,
2024-11-22T08:48:38,51.50697988165455,-0.17189290897353268,
2024-11-22T08:48:39,51.50694444974603,-0.17196509497143062,
2024-11-22T08:48:40,51.506838700417426,-0.17187673737017062,672
2024-11-22T08:48:41,51.50674620327154,-0.17197172233842833,
2024-11-22T08:48:42,51.50671140640096,-0.17187477483099642,
2024-11-22T08:48:43,51.5067786889257,-0.17199861101378935,
2024-11-22T08:48:44,51.506848607814824,-0.1719176277234995,
2024-11-22T08:48:45,51.506740495717914,-0.17210029958687473,487
2024-11-22T08:48:46,51.50670929645887,-0.17209463971001956,
2024-11-22T08:48:47,51.506746788999685,-0.17196553784450005,
2024-11-22T08:48:48,51.50664872983788,-0.17203950511335006,
2024-11-22T08:48:49,51.50653129333956,-0.17203447864712212,
2024-11-22T08:48:50,51.506656717703464,-0.17206763324877605,147
2024-11-22T08:48:51,51.50658044284686,-0.17217092710607285,
2024-11-22T08:48:52,51.50659632121944,-0.17221971439822034,
2024-11-22T08:48:53,51.506450346795916,-0.17222662967381072,
2024-11-22T08:48:54,51.506540843075385,-0.17219567163199728,
2024-11-22T08:48:55,51.50651375544526,-0.17226585097467775,599
2024-11-22T08:48:56,51.50641456067022,-0.17216009765461565,
2024-11-22T08:48:57,51.50637338618284,-0.17224545062250685,
2024-11-22T08:48:58,51.506312610864725,-0.17233710062878843,
2024-11-22T08:48:59,51.506410812402066,-0.17225747641157793,
2024-11-22T08:49:00,51.50632717462452,-0.1723276885219324,393
2024-11-22T08:49:01,51.50633584311337,-0.17232433268724984,
2024-11-22T08:49:02,51.50632658769172,-0.1724116240036134,
2024-11-22T08:49:03,51.50626034733746,-0.17245729262106257,
2024-11-22T08:49:04,51.50618298746583,-0.17234823135932553,
2024-11-22T08:49:05,51.506148394960746,-0.17238837699430806,443
2024-11-22T08:49:06,51.506194873376316,-0.17241246693471313,
2024-11-22T08:49:07,51.5061999679151,-0.17248164670706928,
2024-11-22T08:49:08,51.50617049124157,-0.17255499545623101,
2024-11-22T08:49:09,51.506094314802034,-0.17247003938844568,
2024-11-22T08:49:10,51.506106375878666,-0.17244174964743486,732
2024-11-22T08:49:11,51.50609704087225,-0.1725908880464701,
2024-11-22T08:49:12,51.50599632940977,-0.1726084678955182,
2024-11-22T08:49:13,51.50613772473721,-0.17265798909559577,
2024-11-22T08:49:14,51.5059481538418,-0.1725225791127446,
2024-11-22T08:49:15,51.50595176192372,-0.17252078065647358,239
2024-11-22T08:49:16,51.50587686537077,-0.17266282125570379,
2024-11-22T08:49:17,51.50594301052022,-0.1727167463188283,
2024-11-22T08:49:18,51.50595850647599,-0.17264557137202494,
2024-11-22T08:49:19,51.50596015966519,-0.17273463912963996,
2024-11-22T08:49:20,51.50584863272645,-0.17272684994148443,233
2024-11-22T08:49:21,51.50579416352598,-0.17277863220614267,
2024-11-22T08:49:22,51.505775701803245,-0.17274068042799134,
2024-11-22T08:49:23,51.50587534303553,-0.17265745987284542,
2024-11-22T08:49:24,51.50575071329088,-0.17280729648814455,
2024-11-22T08:49:25,51.50567330043245,-0.1728533517422181,729
2024-11-22T08:49:26,51.505693866530315,-0.17290154285656223,
2024-11-22T08:49:27,51.50569574429369,-0.1728500256339871,
2024-11-22T08:49:28,51.50568126702092,-0.17277489545373126,
2024-11-22T08:49:29,51.50560375206942,-0.17287221749838402,
2024-11-22T08:49:30,51.5056013562903,-0.17295007941887985,173
2024-11-22T08:49:31,51.50566569697768,-0.1729637224622133,
2024-11-22T08:49:32,51.505572775673635,-0.17301179909941863,
2024-11-22T08:49:33,51.505628056037516,-0.17303706818475373,
2024-11-22T08:49:34,51.50556924598447,-0.17300383946115833,
2024-11-22T08:49:35,51.50549027705345,-0.1730712920567524,782
2024-11-22T08:49:36,51.50547663937388,-0.172947966505552,
2024-11-22T08:49:37,51.505401753780426,-0.17309099355545407,
2024-11-22T08:49:38,51.50534683603122,-0.17315088817460483,
2024-11-22T08:49:39,51.50547867109031,-0.173133200190804,
2024-11-22T08:49:40,51.505413204748834,-0.17304222761733576,476
2024-11-22T08:49:41,51.50526583191111,-0.17313477531312862,
2024-11-22T08:49:42,51.50527154668298,-0.17304447230425432,
2024-11-22T08:49:43,51.5052580537665,-0.17318596222880167,
2024-11-22T08:49:44,51.505285370239214,-0.17311772706956274,
2024-11-22T08:49:45,51.50529592831757,-0.17318489446303045,503
2024-11-22T08:49:46,51.505231093811275,-0.17326249344376018,
2024-11-22T08:49:47,51.50523666001664,-0.17331869227128963,
2024-11-22T08:49:48,51.50517654584982,-0.1731551832642342,
2024-11-22T08:49:49,51.505176464802396,-0.17318555166460411,
2024-11-22T08:49:50,51.50510040644849,-0.17332380776905595,335
2024-11-22T08:49:51,51.505159115950285,-0.1732139924312547,
2024-11-22T08:49:52,51.5050776712072,-0.17324138257307364,
2024-11-22T08:49:53,51.50514585466057,-0.17338928446632276,
2024-11-22T08:49:54,51.50505129260874,-0.1734336448376912,
2024-11-22T08:49:55,51.504964179672534,-0.1734690967063365,285
2024-11-22T08:49:56,51.50489261334258,-0.1733590916135741,
2024-11-22T08:49:57,51.50496911998968,-0.173357818243241,
2024-11-22T08:49:58,51.50493601428324,-0.17351081266408655,
2024-11-22T08:49:59,51.50486094215886,-0.17355927143200772,
2024-11-22T08:50:00,51.5048787233226,-0.17344421128048979,657
2024-11-22T08:50:01,51.50480406731741,-0.1734103406617992,
2024-11-22T08:50:02,51.50488268293505,-0.17343055633817636,
2024-11-22T08:50:03,51.50482066850009,-0.17346950817487622,
2024-11-22T08:50:04,51.50478025370403,-0.17363104966906948,
2024-11-22T08:50:05,51.50484537010887,-0.1735045941520519,457
2024-11-22T08:50:06,51.50480183679447,-0.17369935913869972,
2024-11-22T08:50:07,51.50474732511741,-0.1735589308923645,
2024-11-22T08:50:08,51.50461012591576,-0.17370821021768268,
2024-11-22T08:50:09,51.50463150392588,-0.17367063751001227,
2024-11-22T08:50:10,51.504649488761125,-0.17363425393656035,593
2024-11-22T08:50:11,51.50459029329438,-0.1737699031876825,
2024-11-22T08:50:12,51.5046172395507,-0.17362954985039858,
2024-11-22T08:50:13,51.50451499736519,-0.17381538184051282,
2024-11-22T08:50:14,51.504532965637395,-0.17380208692248963,
2024-11-22T08:50:15,51.50451215399728,-0.17385300567522508,445
2024-11-22T08:50:16,51.50444805905075,-0.17371766583953036,
2024-11-22T08:50:17,51.50443807047856,-0.17376344494587495,
2024-11-22T08:50:18,51.504462925636695,-0.17390843728845695,
2024-11-22T08:50:19,51.50446463438014,-0.17388355499823185,
2024-11-22T08:50:20,51.50433641120651,-0.17389355414444446,318
2024-11-22T08:50:21,51.50442657035125,-0.17386415644537287,
2024-11-22T08:50:22,51.504432693197735,-0.173870238427482,
2024-11-22T08:50:23,51.504279986349296,-0.17385845927884744,
2024-11-22T08:50:24,51.50425271236543,-0.17390318622969136,
2024-11-22T08:50:25,51.50431214084279,-0.17407671850774872,526
2024-11-22T08:50:26,51.50423411110912,-0.17405666483486718,
2024-11-22T08:50:27,51.50422670226202,-0.17410842136784244,
2024-11-22T08:50:28,51.504116455829646,-0.17410695327844994,
2024-11-22T08:50:29,51.50419257466372,-0.17403307947949953,
2024-11-22T08:50:30,51.504059533173525,-0.1740101440574835,162
2024-11-22T08:50:31,51.50419656440117,-0.17413223792418184,
2024-11-22T08:50:32,51.50406649742165,-0.17414349151874473,
2024-11-22T08:50:33,51.50412827530474,-0.17418649588860344,
2024-11-22T08:50:34,51.504025865831956,-0.17418690236535084,
2024-11-22T08:50:35,51.50396232148052,-0.17409592220708073,153
2024-11-22T08:50:36,51.50406692144187,-0.1742551881299332,
2024-11-22T08:50:37,51.50388661501255,-0.1742999952233949,
2024-11-22T08:50:38,51.50398267349112,-0.17414268178131553,
2024-11-22T08:50:39,51.503889897701924,-0.1742700045595321,
2024-11-22T08:50:40,51.50389382641507,-0.17424243532060177,168
2024-11-22T08:50:41,51.50394448677151,-0.1742312796325501,
2024-11-22T08:50:42,51.50376529865863,-0.17426760448567666,
2024-11-22T08:50:43,51.50374160428537,-0.17427844608714546,
2024-11-22T08:50:44,51.50382100197722,-0.17444098546914003,
2024-11-22T08:50:45,51.503824416089856,-0.17430694584470474,476
2024-11-22T08:50:46,51.50381251568894,-0.17432613971107375,
2024-11-22T08:50:47,51.5036869219691,-0.17441486990630206,
2024-11-22T08:50:48,51.50366039588547,-0.17450897951499084,
2024-11-22T08:50:49,51.50367084319627,-0.1744967500247883,
2024-11-22T08:50:50,51.50368952253281,-0.17437834907647884,123
2024-11-22T08:50:51,51.50368545782471,-0.17444075382738147,
2024-11-22T08:50:52,51.50355337968152,-0.17441464361026748,
2024-11-22T08:50:53,51.50362779934466,-0.17458028561017924,
2024-11-22T08:50:54,51.50349540054246,-0.174467068995164,
2024-11-22T08:50:55,51.5036091891565,-0.1746184870249588,420
2024-11-22T08:50:56,51.503566234341186,-0.17461975505818694,
2024-11-22T08:50:57,51.50358054360729,-0.17469711851295058,
2024-11-22T08:50:58,51.50347563249357,-0.17457245026460147,
2024-11-22T08:50:59,51.50347828104494,-0.1747040150137683,
2024-11-22T08:51:00,51.50335901619012,-0.1747087160072335,180
2024-11-22T08:51:01,51.503393103901786,-0.1746938301700902,
2024-11-22T08:51:02,51.50332963351712,-0.17475351915251985,
2024-11-22T08:51:03,51.5033453717347,-0.17468943759387764,
2024-11-22T08:51:04,51.503385265997956,-0.17483707248904737,
2024-11-22T08:51:05,51.503224503856664,-0.1747294769423712,64
2024-11-22T08:51:06,51.503165613269516,-0.17486903391388778,
2024-11-22T08:51:07,51.503148957810204,-0.1748120621846637,
2024-11-22T08:51:08,51.50316271182684,-0.17491547201091287,
2024-11-22T08:51:09,51.503198471341236,-0.17477903343536563,
2024-11-22T08:51:10,51.503230587576766,-0.17479069008197065,540
2024-11-22T08:51:11,51.50318981086289,-0.17498745859353568,
2024-11-22T08:51:12,51.50305195975017,-0.17489824324973027,
2024-11-22T08:51:13,51.50304376797002,-0.17488167401971005,
2024-11-22T08:51:14,51.503134827136556,-0.17491366006299566,
2024-11-22T08:51:15,51.502986087475755,-0.17502102343133136,487
2024-11-22T08:51:16,51.502917583951046,-0.17490253087423943,
2024-11-22T08:51:17,51.50301352568351,-0.17507311893788827,
2024-11-22T08:51:18,51.50297904885781,-0.1749349082012444,
2024-11-22T08:51:19,51.50297399727733,-0.17507452694362666,
2024-11-22T08:51:20,51.50298622958415,-0.17500490732931323,628
2024-11-22T08:51:21,51.502896052052414,-0.175130640981125,
2024-11-22T08:51:22,51.50277955145619,-0.17503924012943223,
2024-11-22T08:51:23,51.50282248731297,-0.17506741459761593,
2024-11-22T08:51:24,51.50289545509314,-0.17513276950243073,
2024-11-22T08:51:25,51.50271467471186,-0.1751618820109855,754
2024-11-22T08:51:26,51.502746377484904,-0.17523489834230196,
2024-11-22T08:51:27,51.50274158734782,-0.1751779372754833,
2024-11-22T08:51:28,51.502695554726465,-0.17513407913918055,
2024-11-22T08:51:29,51.50274827948123,-0.17522553316543485,
2024-11-22T08:51:30,51.50268225885182,-0.17535586124268412,731
2024-11-22T08:51:31,51.50269665211417,-0.17534053846982253,
2024-11-22T08:51:32,51.50257858164375,-0.17523459673790942,
2024-11-22T08:51:33,51.502546763780195,-0.17530840437596204,
2024-11-22T08:51:34,51.50256544492237,-0.17537982048695525,
2024-11-22T08:51:35,51.502635709725745,-0.1753251651649122,368
2024-11-22T08:51:36,51.50248306729481,-0.17535319458133622,
2024-11-22T08:51:37,51.50243654972473,-0.17541276198072772,
2024-11-22T08:51:38,51.50245348603895,-0.175432972192451,
2024-11-22T08:51:39,51.50241041478337,-0.1754769028581544,
2024-11-22T08:51:40,51.502433200387934,-0.17552753328452758,403
2024-11-22T08:51:41,51.50237262016743,-0.17545375036333888,
2024-11-22T08:51:42,51.50240666131064,-0.17543302877627734,
2024-11-22T08:51:43,51.502286176211534,-0.17546026569190262,
2024-11-22T08:51:44,51.502412845222125,-0.17559556741899496,
2024-11-22T08:51:45,51.50226577973187,-0.17555604389982576,407
2024-11-22T08:51:46,51.50221834673241,-0.17560499833745258,
2024-11-22T08:51:47,51.50223232608095,-0.17554115836208417,
2024-11-22T08:51:48,51.50230918798684,-0.17554076381608377,
2024-11-22T08:51:49,51.50224588153508,-0.17555940847763638,
2024-11-22T08:51:50,51.50210354583774,-0.175597903794277,460
2024-11-22T08:51:51,51.50221810624599,-0.1757231806850544,
2024-11-22T08:51:52,51.50206913788414,-0.17574270230399505,
2024-11-22T08:51:53,51.50214062399811,-0.17574664670594842,
2024-11-22T08:51:54,51.5020130588372,-0.17576895033132076,
2024-11-22T08:51:55,51.502157137540834,-0.17566538893203715,94
2024-11-22T08:51:56,51.502097872652875,-0.17581993989996994,
2024-11-22T08:51:57,51.50196563355435,-0.1757567279528774,
2024-11-22T08:51:58,51.50196079085232,-0.17579853955376354,
2024-11-22T08:51:59,51.50189047207898,-0.17577936211068096,
2024-11-22T08:52:00,51.50187044733362,-0.1758384413794118,161
2024-11-22T08:52:01,51.501928817191946,-0.17589479160456953,
2024-11-22T08:52:02,51.50187612909102,-0.1759514113109822,
2024-11-22T08:52:03,51.501903654927816,-0.17587173507346782,
2024-11-22T08:52:04,51.50184799153008,-0.1759163539308476,
2024-11-22T08:52:05,51.501897027667255,-0.17595607112463355,435
2024-11-22T08:52:06,51.50179870873088,-0.1758873184712863,
2024-11-22T08:52:07,51.50172852409033,-0.17591756735692643,
2024-11-22T08:52:08,51.50165096519685,-0.17606477262805473,
2024-11-22T08:52:09,51.501759212994436,-0.17598909117198266,
2024-11-22T08:52:10,51.50178251173628,-0.17598118085539163,97
2024-11-22T08:52:11,51.50173960820495,-0.17607818044209864,
2024-11-22T08:52:12,51.501683238624445,-0.17609725405768356,
2024-11-22T08:52:13,51.501674086978966,-0.17605889909783826,
2024-11-22T08:52:14,51.501619301656724,-0.17612347394236083,
2024-11-22T08:52:15,51.50147008186731,-0.1760764949623564,597
2024-11-22T08:52:16,51.50153091171623,-0.17609522293903768,
2024-11-22T08:52:17,51.50160893266219,-0.1762355591569668,
2024-11-22T08:52:18,51.50144588403767,-0.1762857810807834,
2024-11-22T08:52:19,51.501504354005775,-0.1761594897323152,
2024-11-22T08:52:20,51.5014956377041,-0.17627030992669546,522
2024-11-22T08:52:21,51.50134237474412,-0.1763009105427612,
2024-11-22T08:52:22,51.501303362873784,-0.17627155398121921,
2024-11-22T08:52:23,51.501379416595476,-0.17637810515170138,
2024-11-22T08:52:24,51.501276828645004,-0.17635104868022367,
2024-11-22T08:52:25,51.50133732414169,-0.17637470729546423,707
2024-11-22T08:52:26,51.50136409476127,-0.17630630674756623,
2024-11-22T08:52:27,51.50133537685297,-0.17638378436533841,
2024-11-22T08:52:28,51.50133526142565,-0.1763392353940508,
2024-11-22T08:52:29,51.501145391024615,-0.17651719298146085,
2024-11-22T08:52:30,51.501126893725605,-0.17635611937410678,299
2024-11-22T08:52:31,51.50112858261201,-0.17653524846237253,
2024-11-22T08:52:32,51.50124059551666,-0.176422920522116,
2024-11-22T08:52:33,51.50108401481985,-0.17656504693939212,
2024-11-22T08:52:34,51.501165218037954,-0.17646242567179293,
2024-11-22T08:52:35,51.50102544061029,-0.1765015218779365,182
2024-11-22T08:52:36,51.50100002388127,-0.17662658452195015,
2024-11-22T08:52:37,51.501084168702185,-0.17656213049170108,
2024-11-22T08:52:38,51.50096002642929,-0.17659411104199896,
2024-11-22T08:52:39,51.50103527985662,-0.1765684678872651,
2024-11-22T08:52:40,51.501015866460584,-0.17669879455068105,148
2024-11-22T08:52:41,51.50101557063364,-0.17671471927903373,
2024-11-22T08:52:42,51.50090809451879,-0.1766470271251293,
2024-11-22T08:52:43,51.50078405665935,-0.17674036450310276,
2024-11-22T08:52:44,51.50079714714936,-0.17680375791496303,
2024-11-22T08:52:45,51.500773786281194,-0.17684065980901703,795
2024-11-22T08:52:46,51.50075737292757,-0.1767318865837342,
2024-11-22T08:52:47,51.50077129891921,-0.17687966456434392,
2024-11-22T08:52:48,51.50081253932214,-0.17682151333362128,
2024-11-22T08:52:49,51.500686914695706,-0.17674292108256479,
2024-11-22T08:52:50,51.500783020741615,-0.17687560538736052,507
2024-11-22T08:52:51,51.500658346883746,-0.17691450353817237,
2024-11-22T08:52:52,51.500649864593434,-0.17689141526372182,
2024-11-22T08:52:53,51.50066929505054,-0.17691213819091794,
2024-11-22T08:52:54,51.50055400745565,-0.1769179472948882,
2024-11-22T08:52:55,51.50049563773947,-0.17696298229374122,72
2024-11-22T08:52:56,51.50050267871132,-0.17700539595301376,
2024-11-22T08:52:57,51.500443237042866,-0.17699872202007116,
2024-11-22T08:52:58,51.50052651688455,-0.17708598734039893,
2024-11-22T08:52:59,51.50039397921461,-0.1770863805469996,
2024-11-22T08:53:00,51.50046927731314,-0.17701005100587244,604
2024-11-22T08:53:01,51.50049104803804,-0.17712714736364266,
2024-11-22T08:53:02,51.50045582415684,-0.1771169117925355,
2024-11-22T08:53:03,51.500444638655274,-0.1770297537080843,
2024-11-22T08:53:04,51.50041506344669,-0.17720302492572576,
2024-11-22T08:53:05,51.50042371759795,-0.1771059218280174,641
2024-11-22T08:53:06,51.500252999879045,-0.17723295860130314,
2024-11-22T08:53:07,51.500282041381595,-0.1772611838505565,
2024-11-22T08:53:08,51.50018336563547,-0.1772301631687616,
2024-11-22T08:53:09,51.50019778147014,-0.17716110919670752,
2024-11-22T08:53:10,51.5002034812974,-0.17722465300958504,245
2024-11-22T08:53:11,51.50024493217232,-0.1773421283451007,
2024-11-22T08:53:12,51.500174540998316,-0.1772979625004722,
2024-11-22T08:53:13,51.50016180801165,-0.1773175720657028,
2024-11-22T08:53:14,51.500025616799356,-0.1773981543128812,
2024-11-22T08:53:15,51.50003528476617,-0.1773836350783541,370
2024-11-22T08:53:16,51.50001470134978,-0.17733493642186132,
2024-11-22T08:53:17,51.50008707478377,-0.17730779432791857,
2024-11-22T08:53:18,51.500082252125885,-0.17732278741083926,
2024-11-22T08:53:19,51.499898561966354,-0.1773775842071027,
2024-11-22T08:53:20,51.499912311452874,-0.17746022880366683,638
2024-11-22T08:53:21,51.499925939974965,-0.1775119001054867,
2024-11-22T08:53:22,51.5000176243065,-0.17754190543940793,
2024-11-22T08:53:23,51.49989678982736,-0.17751545125224785,
2024-11-22T08:53:24,51.499909880610176,-0.1776043568529987,
2024-11-22T08:53:25,51.499897079904976,-0.1776020145633041,210
2024-11-22T08:53:26,51.499753077451835,-0.17754620511412833,
2024-11-22T08:53:27,51.4998745191166,-0.1775422885633647,
2024-11-22T08:53:28,51.49968464477196,-0.1775044295009049,
2024-11-22T08:53:29,51.49980787457396,-0.17753051199461925,
2024-11-22T08:53:30,51.49980033939992,-0.17771973139956068,709
2024-11-22T08:53:31,51.49976088697665,-0.17760164155306926,
2024-11-22T08:53:32,51.499698991579216,-0.1777090912882602,
2024-11-22T08:53:33,51.49972121590234,-0.17774874191122259,
2024-11-22T08:53:34,51.49968612469267,-0.17777124971390243,
2024-11-22T08:53:35,51.49950920373717,-0.17781295238184164,373
2024-11-22T08:53:36,51.499648194312016,-0.17776968377669392,
2024-11-22T08:53:37,51.499526562765055,-0.1778468159710724,
2024-11-22T08:53:38,51.49953376171979,-0.17777978422367535,
2024-11-22T08:53:39,51.49959008109761,-0.17783663228441607,
2024-11-22T08:53:40,51.49945321333396,-0.1778634136120075,630
2024-11-22T08:53:41,51.49949413341378,-0.17784159663545202,
2024-11-22T08:53:42,51.49950016187065,-0.17787799808376703,
2024-11-22T08:53:43,51.49934483867696,-0.17791373797808607,
2024-11-22T08:53:44,51.499472692936955,-0.17788847788675444,
2024-11-22T08:53:45,51.4992817247628,-0.1780102777719229,343
2024-11-22T08:53:46,51.49928415015559,-0.17785244397720867,
2024-11-22T08:53:47,51.49920908907777,-0.17800422381279107,
2024-11-22T08:53:48,51.49933019028372,-0.17801554769090663,
2024-11-22T08:53:49,51.49926143107911,-0.1779190333816206,
2024-11-22T08:53:50,51.49925709844539,-0.17807692449002727,500
2024-11-22T08:53:51,51.49927052875262,-0.17811732421708082,
2024-11-22T08:53:52,51.49912775209091,-0.17798224538450322,
2024-11-22T08:53:53,51.49919043980742,-0.17815381185719187,
2024-11-22T08:53:54,51.499094950372644,-0.17807675543259585,
2024-11-22T08:53:55,51.499076792656496,-0.17812441415720334,456
2024-11-22T08:53:56,51.49900787733416,-0.17814349546690422,
2024-11-22T08:53:57,51.49911548804494,-0.17809442544906343,
2024-11-22T08:53:58,51.49908639891962,-0.17812856574755823,
2024-11-22T08:53:59,51.49909859434834,-0.17829796594248912,
2024-11-22T08:54:00,51.49899927238997,-0.17828834716127287,51
2024-11-22T08:54:01,51.49905659239759,-0.17831255886230443,
2024-11-22T08:54:02,51.49884546754229,-0.17823278574614407,
2024-11-22T08:54:03,51.49894856271996,-0.17820189417201865,
2024-11-22T08:54:04,51.49893459850023,-0.1782361799106691,
2024-11-22T08:54:05,51.4989548440638,-0.17835126655429576,387
2024-11-22T08:54:06,51.49879815858974,-0.17841880505015675,
2024-11-22T08:54:07,51.49890296421515,-0.17842825381335817,
2024-11-22T08:54:08,51.49877550732806,-0.17835929461998395,
2024-11-22T08:54:09,51.49881426689512,-0.17848941044615543,
2024-11-22T08:54:10,51.49879180388213,-0.17841626353888368,782
2024-11-22T08:54:11,51.49876026684284,-0.17844304811009337,
2024-11-22T08:54:12,51.49865764583028,-0.17838963702604496,
2024-11-22T08:54:13,51.498736824196456,-0.1784242919184004,
2024-11-22T08:54:14,51.49864193746949,-0.1784372316284475,
2024-11-22T08:54:15,51.49868967909484,-0.1784504727224717,322
2024-11-22T08:54:16,51.49857220396152,-0.1786007217373899,
2024-11-22T08:54:17,51.49864543217082,-0.17864580815341793,
2024-11-22T08:54:18,51.49858456220455,-0.17849578987575845,
2024-11-22T08:54:19,51.49856891350937,-0.1785605453357185,
2024-11-22T08:54:20,51.498590210984595,-0.17869116040510044,76
2024-11-22T08:54:21,51.49841134028183,-0.17862996313254045,
2024-11-22T08:54:22,51.49850773904593,-0.17868547830203096,
2024-11-22T08:54:23,51.49837621333895,-0.1787562401016681,
2024-11-22T08:54:24,51.49841477521119,-0.17876317324562305,
2024-11-22T08:54:25,51.49842086994016,-0.1787684006823636,527
2024-11-22T08:54:26,51.498324653698695,-0.1787035237323808,
2024-11-22T08:54:27,51.49833015956854,-0.178721074636454,
2024-11-22T08:54:28,51.498262616306185,-0.17881617554501072,
2024-11-22T08:54:29,51.49823224773625,-0.17874537861303222,
2024-11-22T08:54:30,51.49823002700223,-0.1788283516405093,402
2024-11-22T08:54:31,51.49828736993894,-0.1788826959971276,
2024-11-22T08:54:32,51.49815749553717,-0.17893787821813795,
2024-11-22T08:54:33,51.498273570921135,-0.17889565118067544,
2024-11-22T08:54:34,51.49819511283799,-0.17895137436137115,
2024-11-22T08:54:35,51.4982205765182,-0.17890972760359428,161
2024-11-22T08:54:36,51.49818237011211,-0.17894144690994124,
2024-11-22T08:54:37,51.49808421731538,-0.178985185751355,
2024-11-22T08:54:38,51.49805869162436,-0.17904858312834168,
2024-11-22T08:54:39,51.49802336063649,-0.1790689686213757,
2024-11-22T08:54:40,51.49795308211155,-0.1791084579018771,234
2024-11-22T08:54:41,51.498002609540684,-0.17901242395035594,
2024-11-22T08:54:42,51.49791384793342,-0.1790272963574529,
2024-11-22T08:54:43,51.49794743877547,-0.17909471844399918,
2024-11-22T08:54:44,51.49780662739024,-0.17910337304545412,
2024-11-22T08:54:45,51.497900534391064,-0.17906260814528807,316
2024-11-22T08:54:46,51.49780328179284,-0.17904445377513575,
2024-11-22T08:54:47,51.497766808999216,-0.17919920092505348,
2024-11-22T08:54:48,51.49782820658391,-0.17919324392271363,
2024-11-22T08:54:49,51.497787907501255,-0.17926488698439244,
2024-11-22T08:54:50,51.49773816976943,-0.17915264433055245,411
2024-11-22T08:54:51,51.4978235195971,-0.17924963269121616,
2024-11-22T08:54:52,51.497727211380464,-0.1792631482484063,
2024-11-22T08:54:53,51.49764649484407,-0.17921067657098264,
2024-11-22T08:54:54,51.497704204597234,-0.17930377447657048,
2024-11-22T08:54:55,51.49755051246431,-0.17933190791023443,282
2024-11-22T08:54:56,51.49764451193906,-0.17928878359117656,
2024-11-22T08:54:57,51.49752975232201,-0.1792959662110148,
2024-11-22T08:54:58,51.49752139018212,-0.17944077106021858,
